Timestamp,Temperature,FeelsLike,Humidity,WindSpeed,WindChill,HeatIndex,WindHeading
2026-06-11 08:57:25,91.2,87.64,21.0,1.3,91.22,87.64,268.0
2026-06-11 08:58:34,91.0,87.46,21.0,3.3,91.04,87.46,104.0
2026-06-11 08:59:41,91.6,88.01,21.0,2.3,91.58,88.01,70.0
2026-06-11 09:00:49,92.5,88.94,21.0,0.0,92.48,88.94,82.0
2026-06-11 09:01:58,91.6,88.01,21.0,2.7,91.58,88.01,88.0
2026-06-11 09:03:06,91.6,88.01,21.0,2.7,91.58,88.01,88.0
2026-06-11 09:04:16,90.7,87.1,21.0,2.1,90.68,87.1,193.0
2026-06-11 09:05:24,90.9,87.28,21.0,0.7,90.86,87.28,166.0
2026-06-11 09:06:33,90.9,87.28,21.0,0.7,90.86,87.28,166.0
2026-06-11 09:07:41,92.7,89.13,21.0,0.7,92.66,89.13,271.0
2026-06-11 09:08:49,91.8,88.19,21.0,2.9,91.76,88.19,259.0
2026-06-11 09:09:57,90.9,87.28,21.0,3.1,90.86,87.28,207.0
2026-06-11 09:11:06,90.7,87.1,21.0,2.5,90.68,87.1,302.0
2026-06-11 09:12:15,91.2,87.64,21.0,1.1,91.22,87.64,272.0
2026-06-11 09:13:22,92.1,88.41,20.0,0.0,92.12,88.41,202.0
2026-06-11 09:14:31,92.1,88.41,20.0,0.0,92.12,88.41,202.0
2026-06-11 09:16:43,91.8,88.05,20.0,1.3,91.76,88.05,130.0
2026-06-11 09:33:35,92.8,89.15,20.0,2.3,92.84,89.15,106.0
2026-06-11 09:49:45,92.1,88.41,20.0,8.7,92.12,88.41,17.0
2026-06-11 09:50:54,92.8,89.15,20.0,2.9,92.84,89.15,206.0
2026-06-11 09:52:02,92.1,88.41,20.0,3.1,92.12,88.41,257.0
2026-06-11 10:08:45,94.1,90.49,20.0,4.3,94.1,90.49,201.0
2026-06-11 10:09:54,93.9,90.3,20.0,7.1,93.92,90.3,109.0
2026-06-11 10:11:02,93.7,90.1,20.0,1.1,93.74,90.1,205.0
2026-06-11 10:13:24,93.6,89.91,20.0,3.3,93.56,89.91,85.0
2026-06-11 10:14:32,93.7,90.1,20.0,1.5,93.74,90.1,306.0
2026-06-11 10:16:54,95.5,91.87,19.0,0.0,95.54,91.87,108.0
2026-06-11 10:18:02,95.4,91.67,19.0,2.1,95.36,91.67,64.0
2026-06-11 10:19:11,95.0,91.28,19.0,1.5,95.0,91.28,261.0
2026-06-11 10:20:19,94.1,90.31,19.0,4.9,94.1,90.31,141.0
2026-06-11 10:21:27,93.9,90.12,19.0,0.0,93.92,90.12,262.0
2026-06-11 10:22:36,94.6,90.89,19.0,1.9,94.64,90.89,277.0
2026-06-11 10:23:43,94.6,90.89,19.0,1.3,94.64,90.89,268.0
2026-06-11 10:24:52,94.1,90.31,19.0,2.5,94.1,90.31,356.0
2026-06-11 10:26:00,93.6,89.75,19.0,4.3,93.56,89.75,219.0
2026-06-11 10:27:08,94.6,91.08,20.0,0.9,94.64,91.08,129.0
2026-06-11 10:28:38,94.6,91.08,20.0,0.9,94.64,91.08,129.0
2026-06-11 10:30:15,95.2,91.48,19.0,2.1,95.18,91.48,58.0
2026-06-11 10:46:23,97.3,93.65,18.0,1.5,97.34,93.65,257.0
2026-06-11 11:03:57,95.9,92.27,19.0,0.0,95.9,92.27,100.0
2026-06-11 11:20:07,98.6,95.1,18.0,0.0,98.6,95.1,265.0
2026-06-11 11:21:15,99.3,95.95,18.0,0.0,99.32,95.95,161.0
2026-06-11 11:22:23,98.8,95.31,18.0,1.7,98.78,95.31,329.0
2026-06-11 11:23:31,98.8,95.31,18.0,2.5,98.78,95.31,263.0
2026-06-11 11:24:40,97.2,93.45,18.0,3.1,97.16,93.45,309.0
2026-06-11 11:25:50,97.5,93.86,18.0,2.5,97.52,93.86,129.0
2026-06-11 11:26:58,97.5,93.86,18.0,1.3,97.52,93.86,224.0
2026-06-11 11:28:06,97.9,94.27,18.0,2.9,97.88,94.27,311.0
2026-06-11 11:29:14,97.5,93.86,18.0,4.1,97.52,93.86,110.0
2026-06-11 11:30:22,96.4,92.88,19.0,3.7,96.44,92.88,256.0
2026-06-11 11:31:32,96.4,92.88,19.0,1.5,96.44,92.88,295.0
2026-06-11 11:50:41,100.0,96.81,18.0,0.0,100.04,96.81,99.0
2026-06-11 11:51:49,100.2,97.03,18.0,2.1,100.22,97.03,259.0
2026-06-11 11:52:57,100.6,97.12,17.0,0.0,100.58,97.12,255.0
2026-06-11 11:54:05,99.7,96.38,18.0,2.5,99.68,96.38,117.0
2026-06-11 11:55:13,99.1,95.73,18.0,2.7,99.14,95.73,149.0
2026-06-11 11:56:21,99.1,95.73,18.0,2.7,99.14,95.73,149.0
2026-06-11 11:57:29,97.2,93.45,18.0,3.3,97.16,93.45,109.0
2026-06-11 11:59:49,97.5,93.86,18.0,2.1,97.52,93.86,162.0
2026-06-11 12:00:58,98.4,94.89,18.0,1.1,98.42,94.89,263.0
2026-06-11 12:02:05,98.6,95.1,18.0,2.5,98.6,95.1,249.0
2026-06-11 12:03:13,97.7,94.06,18.0,4.1,97.7,94.06,44.0
2026-06-11 12:04:22,99.5,96.16,18.0,0.0,99.5,96.16,101.0
2026-06-11 12:05:29,100.2,97.03,18.0,0.0,100.22,97.03,105.0
2026-06-11 12:06:37,100.0,96.81,18.0,1.1,100.04,96.81,292.0
2026-06-11 12:07:45,97.7,94.06,18.0,3.7,97.7,94.06,99.0
2026-06-11 12:08:53,97.7,94.06,18.0,3.7,97.7,94.06,99.0
2026-06-11 12:10:06,97.2,93.45,18.0,2.5,97.16,93.45,113.0
2026-06-11 12:55:21,91.2,87.78,22.0,2.1,91.22,87.78,319.0
2026-06-11 12:56:31,91.9,88.38,21.0,3.5,91.94,88.38,92.0
2026-06-11 12:57:41,91.9,88.38,21.0,3.5,91.94,88.38,92.0
2026-06-11 13:14:20,90.5,87.19,23.0,2.7,90.5,87.19,167.0
2026-06-11 13:15:29,89.8,86.47,23.0,8.5,89.78,86.47,90.0
2026-06-11 13:16:37,89.8,86.47,23.0,6.4,89.78,86.47,312.0
2026-06-11 13:17:45,88.7,85.43,23.0,2.1,88.7,85.43,282.0
2026-06-11 13:18:55,89.2,85.94,23.0,6.1,89.24,85.94,108.0
2026-06-11 13:20:03,89.2,85.94,23.0,3.5,89.24,85.94,41.0
2026-06-11 13:43:03,86.4,83.61,26.0,7.9,86.36,83.61,303.0
2026-06-11 15:07:07,83.5,81.59,30.0,2.9,83.48,81.59,80.0
2026-06-11 15:12:00,81.7,80.34,31.0,9.7,81.68,80.34,322.0
2026-06-11 15:13:08,82.0,80.6,31.0,5.1,82.04,80.6,145.0
2026-06-11 15:15:57,82.6,80.99,31.0,4.3,82.58,80.99,359.0
2026-06-11 15:17:17,82.2,80.73,31.0,3.9,82.22,80.73,187.0
2026-06-11 15:18:45,82.6,80.9,30.0,5.5,82.58,80.9,188.0
2026-06-11 15:22:37,82.2,80.73,31.0,3.9,82.22,80.73,172.0
2026-06-11 15:23:45,82.2,80.73,31.0,4.7,82.22,80.73,262.0
2026-06-11 15:24:54,81.3,80.1,31.0,8.9,81.32,80.1,125.0
2026-06-11 15:43:02,81.5,80.22,31.0,3.9,81.5,80.22,108.0
2026-06-11 15:44:11,81.9,80.47,31.0,7.1,81.86,80.47,284.0
2026-06-11 15:45:18,81.5,80.22,31.0,6.2,81.5,80.22,267.0
2026-06-11 15:58:07,82.0,80.6,31.0,8.9,82.04,80.6,314.0
2026-06-11 16:15:10,82.4,80.77,30.0,5.3,82.4,80.77,246.0
2026-06-11 16:31:57,80.4,79.51,31.0,6.1,80.42,79.51,319.0
2026-06-11 16:33:05,81.0,79.86,31.0,4.7,80.96,79.86,221.0
2026-06-11 16:34:13,80.8,79.74,31.0,6.9,80.78,79.74,265.0
2026-06-11 16:35:21,80.4,79.51,31.0,6.9,80.42,79.51,346.0
2026-06-11 16:51:30,79.0,78.98,32.0,5.9,78.98,78.98,139.0
2026-06-11 16:52:37,79.3,79.34,32.0,3.3,79.34,79.34,181.0
2026-06-11 16:53:45,79.0,78.98,32.0,5.1,78.98,78.98,186.0
2026-06-11 16:59:17,78.3,78.26,32.0,6.7,78.26,78.26,48.0
2026-06-11 17:00:25,78.4,78.44,32.0,5.5,78.44,78.44,69.0
2026-06-11 17:01:34,78.1,78.08,32.0,5.9,78.08,78.08,276.0
2026-06-11 17:02:41,79.3,79.34,32.0,3.9,79.34,79.34,216.0
2026-06-11 17:19:16,80.1,79.29,31.0,2.7,80.06,79.29,359.0
2026-06-11 17:20:24,78.6,78.62,31.0,8.3,78.62,78.62,86.0
2026-06-11 17:21:32,78.4,78.44,32.0,6.2,78.44,78.44,295.0
2026-06-11 17:22:40,78.4,78.44,32.0,6.2,78.44,78.44,295.0
2026-06-11 17:39:06,76.6,76.64,34.0,5.1,76.64,76.64,25.0
2026-06-11 17:40:15,76.5,76.46,34.0,5.1,76.46,76.46,104.0
2026-06-11 17:41:25,77.2,77.18,34.0,1.5,77.18,77.18,274.0
2026-06-11 17:42:33,77.5,77.54,34.0,3.7,77.54,77.54,69.0
2026-06-11 17:43:42,78.3,78.26,34.0,5.3,78.26,78.26,25.0
2026-06-11 17:44:50,77.2,77.18,34.0,7.1,77.18,77.18,231.0
2026-06-11 17:45:58,77.2,77.18,34.0,7.1,77.18,77.18,231.0
2026-06-11 17:47:07,77.9,77.9,34.0,1.1,77.9,77.9,326.0
2026-06-11 17:48:14,77.4,77.36,33.0,2.5,77.36,77.36,35.0
2026-06-11 17:49:22,77.0,77.0,33.0,7.3,77.0,77.0,330.0
2026-06-11 17:50:31,77.0,77.0,33.0,3.9,77.0,77.0,268.0
2026-06-11 17:51:41,77.0,77.0,33.0,3.5,77.0,77.0,33.0
2026-06-11 17:52:49,76.5,76.46,34.0,5.1,76.46,76.46,210.0
2026-06-11 18:11:07,73.0,73.04,40.0,4.7,73.04,73.04,274.0
2026-06-11 18:12:15,73.2,73.22,41.0,3.5,73.22,73.22,341.0
2026-06-11 18:13:24,73.2,73.22,41.0,4.9,73.22,73.22,170.0
2026-06-11 18:19:28,72.7,72.68,44.0,1.9,72.68,72.68,157.0
2026-06-11 18:20:35,72.7,72.68,45.0,5.3,72.68,72.68,297.0
2026-06-11 18:21:43,72.1,72.14,45.0,10.2,72.14,72.14,117.0
2026-06-11 18:22:51,71.8,71.78,45.0,6.1,71.78,71.78,309.0
2026-06-11 18:24:00,71.8,71.78,45.0,4.3,71.78,71.78,353.0
2026-06-11 18:25:09,71.4,71.42,47.0,4.1,71.42,71.42,285.0
2026-06-11 18:26:17,71.4,71.42,47.0,4.1,71.42,71.42,285.0
2026-06-11 18:27:25,71.1,71.06,48.0,8.3,71.06,71.06,175.0
2026-06-11 18:28:33,70.9,70.88,48.0,4.3,70.88,70.88,164.0
2026-06-11 18:29:41,70.9,70.88,49.0,7.7,70.88,70.88,284.0
2026-06-11 18:30:49,70.9,70.88,49.0,3.5,70.88,70.88,83.0
2026-06-11 18:31:59,70.7,70.7,50.0,4.3,70.7,70.7,17.0
2026-06-11 18:33:10,70.7,70.7,50.0,3.1,70.7,70.7,278.0
2026-06-11 18:34:18,70.3,70.34,51.0,8.9,70.34,70.34,342.0
2026-06-11 18:35:28,70.5,70.52,51.0,1.1,70.52,70.52,288.0
2026-06-11 18:36:36,70.5,70.52,51.0,5.1,70.52,70.52,285.0
2026-06-11 18:37:46,70.5,70.52,51.0,5.1,70.52,70.52,285.0
2026-06-11 18:38:54,70.0,69.98,52.0,5.1,69.98,69.98,11.0
2026-06-11 18:40:02,70.0,69.98,52.0,5.1,69.98,69.98,11.0
2026-06-11 18:41:10,70.2,70.16,53.0,5.5,70.16,70.16,50.0
2026-06-11 18:42:18,70.3,70.34,53.0,3.1,70.34,70.34,84.0
2026-06-11 18:43:26,69.8,69.8,53.0,2.5,69.8,69.8,290.0
2026-06-11 18:52:39,69.3,69.26,54.0,3.7,69.26,69.26,102.0
2026-06-11 18:53:49,69.1,69.08,54.0,8.3,69.08,69.08,283.0
2026-06-11 18:54:56,68.7,68.72,55.0,7.7,68.72,68.72,344.0
2026-06-11 18:56:05,68.5,68.54,55.0,7.3,68.54,68.54,174.0
2026-06-11 18:57:14,68.7,68.72,55.0,1.9,68.72,68.72,108.0
2026-06-11 18:58:22,68.5,68.54,56.0,3.3,68.54,68.54,42.0
2026-06-11 18:59:30,68.5,68.54,56.0,3.3,68.54,68.54,42.0
2026-06-11 19:00:38,68.5,68.54,56.0,3.3,68.54,68.54,42.0
2026-06-11 19:01:47,68.5,68.54,56.0,3.1,68.54,68.54,118.0
2026-06-11 19:02:54,68.4,68.36,56.0,2.7,68.36,68.36,243.0
2026-06-11 19:04:04,68.5,68.54,56.0,3.9,68.54,68.54,255.0
2026-06-11 19:05:12,68.5,68.54,56.0,3.1,68.54,68.54,123.0
2026-06-11 19:06:21,68.7,68.72,57.0,1.9,68.72,68.72,39.0
2026-06-11 19:07:29,68.5,68.54,57.0,7.5,68.54,68.54,345.0
2026-06-11 19:08:37,68.2,68.18,57.0,5.7,68.18,68.18,160.0
2026-06-11 19:09:46,68.0,68.0,57.0,4.5,68.0,68.0,34.0
2026-06-11 19:10:55,68.0,68.0,57.0,1.9,68.0,68.0,332.0
2026-06-11 19:12:02,68.2,68.18,57.0,3.5,68.18,68.18,270.0
2026-06-11 19:13:10,68.4,68.36,56.0,3.3,68.36,68.36,101.0
2026-06-11 19:14:19,68.4,68.36,56.0,3.3,68.36,68.36,101.0
2026-06-11 19:15:27,68.4,68.36,56.0,3.3,68.36,68.36,101.0
2026-06-11 19:16:36,68.4,68.36,57.0,6.1,68.36,68.36,252.0
2026-06-11 19:17:44,68.4,68.36,57.0,2.3,68.36,68.36,285.0
2026-06-11 19:18:53,68.2,68.18,57.0,5.1,68.18,68.18,315.0
2026-06-11 19:20:02,67.8,67.82,58.0,2.7,67.82,67.82,171.0
2026-06-11 19:21:11,67.8,67.82,59.0,3.9,67.82,67.82,281.0
2026-06-11 19:22:19,68.0,68.0,58.0,2.7,68.0,68.0,72.0
2026-06-11 19:23:28,68.0,68.0,58.0,2.7,68.0,68.0,72.0
2026-06-11 19:24:38,68.0,68.0,58.0,2.7,68.0,68.0,72.0
2026-06-11 19:25:49,68.0,68.0,58.0,2.9,68.0,68.0,182.0
2026-06-11 19:26:59,67.8,67.82,58.0,3.9,67.82,67.82,54.0
2026-06-11 19:28:11,67.6,67.64,58.0,3.1,67.64,67.64,97.0
2026-06-11 19:29:20,67.8,67.82,58.0,5.3,67.82,67.82,155.0
2026-06-11 19:30:29,68.0,68.0,57.0,0.9,68.0,68.0,310.0
2026-06-11 19:31:39,68.0,68.0,57.0,5.1,68.0,68.0,67.0
2026-06-11 19:32:49,68.2,68.18,57.0,5.3,68.18,68.18,103.0
2026-06-11 19:33:58,68.2,68.18,57.0,2.9,68.18,68.18,6.0
2026-06-11 19:35:07,68.5,68.54,57.0,3.9,68.54,68.54,60.0
2026-06-11 19:36:16,68.4,68.36,56.0,3.5,68.36,68.36,201.0
2026-06-11 19:37:23,68.4,68.36,56.0,2.7,68.36,68.36,75.0
2026-06-11 19:38:31,68.2,68.18,57.0,0.0,68.18,68.18,358.0
2026-06-11 19:39:39,68.0,68.0,57.0,0.0,68.0,68.0,217.0
2026-06-11 19:40:48,68.0,68.0,57.0,0.0,68.0,68.0,217.0
2026-06-11 19:41:56,67.8,67.82,58.0,1.9,67.82,67.82,354.0
2026-06-11 19:43:05,67.8,67.82,57.0,1.7,67.82,67.82,121.0
2026-06-11 19:44:14,67.8,67.82,58.0,2.1,67.82,67.82,270.0
2026-06-11 19:45:23,68.0,68.0,57.0,2.9,68.0,68.0,234.0
2026-06-11 19:46:34,68.2,68.18,56.0,0.0,68.18,68.18,258.0
2026-06-11 19:47:42,68.2,68.18,56.0,0.0,68.18,68.18,258.0
2026-06-11 19:48:50,68.2,68.18,56.0,0.0,68.18,68.18,258.0
2026-06-11 19:49:58,68.2,68.18,56.0,0.0,68.18,68.18,258.0
2026-06-11 19:51:06,67.8,67.82,56.0,0.0,67.82,67.82,104.0
2026-06-11 19:52:14,67.8,67.82,56.0,0.7,67.82,67.82,113.0
2026-06-11 19:53:22,68.0,68.0,55.0,0.0,68.0,68.0,104.0
2026-06-11 19:54:31,68.2,68.18,55.0,2.7,68.18,68.18,140.0
2026-06-11 19:55:38,68.4,68.36,55.0,0.0,68.36,68.36,308.0
2026-06-11 19:56:46,68.2,68.18,55.0,2.1,68.18,68.18,251.0
2026-06-11 19:57:54,68.2,68.18,55.0,0.0,68.18,68.18,26.0
2026-06-11 19:59:02,68.2,68.18,55.0,0.9,68.18,68.18,126.0
2026-06-11 20:00:10,68.0,68.0,54.0,1.3,68.0,68.0,110.0
2026-06-11 20:01:18,68.0,68.0,54.0,1.3,68.0,68.0,110.0
2026-06-11 20:02:25,68.0,68.0,55.0,3.1,68.0,68.0,252.0
2026-06-11 20:03:33,67.8,67.82,56.0,1.9,67.82,67.82,106.0
2026-06-11 20:04:41,67.6,67.64,56.0,1.5,67.64,67.64,262.0
2026-06-11 20:05:49,67.8,67.82,56.0,0.0,67.82,67.82,100.0
2026-06-11 20:23:04,66.9,66.92,54.0,1.1,66.92,66.92,107.0
2026-06-11 20:41:37,66.0,66.02,53.0,0.0,66.02,66.02,115.0
2026-06-11 20:42:45,66.0,66.02,53.0,0.0,66.02,66.02,7.0
2026-06-11 20:43:53,66.0,66.02,54.0,0.0,66.02,66.02,118.0
2026-06-11 20:45:00,66.0,66.02,54.0,0.0,66.02,66.02,118.0
2026-06-11 20:48:20,65.8,65.84,55.0,1.3,65.84,65.84,112.0
2026-06-11 20:49:29,65.8,65.84,56.0,0.0,65.84,65.84,110.0
2026-06-11 20:50:39,65.8,65.84,56.0,0.0,65.84,65.84,110.0
2026-06-11 20:51:47,65.8,65.84,56.0,0.0,65.84,65.84,110.0
2026-06-11 20:52:55,65.7,65.66,56.0,0.0,65.66,65.66,131.0
2026-06-11 20:54:04,65.5,65.48,55.0,0.0,65.48,65.48,110.0
2026-06-11 20:55:12,65.5,65.48,56.0,1.7,65.48,65.48,114.0
2026-06-11 20:56:19,65.5,65.48,56.0,0.0,65.48,65.48,225.0
2026-06-11 20:57:27,65.3,65.3,56.0,0.9,65.3,65.3,111.0
2026-06-11 20:58:34,65.3,65.3,56.0,0.0,65.3,65.3,103.0
2026-06-11 20:59:41,65.3,65.3,56.0,0.0,65.3,65.3,103.0
2026-06-11 21:00:52,65.3,65.3,56.0,0.0,65.3,65.3,103.0
2026-06-11 21:02:01,65.5,65.48,56.0,0.0,65.48,65.48,128.0
2026-06-11 21:03:08,65.5,65.48,56.0,0.0,65.48,65.48,126.0
2026-06-11 21:04:16,65.5,65.48,56.0,0.0,65.48,65.48,126.0
2026-06-11 21:05:24,65.5,65.48,56.0,0.0,65.48,65.48,126.0
2026-06-11 21:06:32,64.9,64.94,56.0,0.0,64.94,64.94,109.0
2026-06-11 21:07:40,64.9,64.94,57.0,1.3,64.94,64.94,103.0
2026-06-11 21:08:46,65.1,65.12,59.0,1.9,65.12,65.12,87.0
2026-06-11 21:09:54,64.9,64.94,59.0,1.3,64.94,64.94,143.0
2026-06-11 21:11:17,64.9,64.94,59.0,1.3,64.94,64.94,143.0
2026-06-11 21:28:28,64.0,64.04,61.0,0.0,64.04,64.04,111.0
2026-06-11 21:29:35,64.0,64.04,61.0,0.0,64.04,64.04,111.0
2026-06-11 21:30:43,64.2,64.22,61.0,0.0,64.22,64.22,112.0
2026-06-11 21:31:50,64.2,64.22,61.0,0.0,64.22,64.22,112.0
2026-06-11 21:32:58,64.2,64.22,62.0,1.3,64.22,64.22,131.0
2026-06-11 21:49:26,64.2,64.22,63.0,0.0,64.22,64.22,112.0
2026-06-11 21:50:35,64.2,64.22,63.0,0.0,64.22,64.22,112.0
2026-06-11 21:51:43,64.0,64.04,64.0,0.0,64.04,64.04,119.0
2026-06-11 21:52:51,64.0,64.04,64.0,0.0,64.04,64.04,119.0
2026-06-11 21:53:57,63.9,63.86,64.0,1.1,63.86,63.86,114.0
2026-06-11 21:55:05,63.9,63.86,64.0,1.1,63.86,63.86,114.0
2026-06-11 21:56:13,63.7,63.68,63.0,0.0,63.68,63.68,108.0
2026-06-11 21:57:21,63.7,63.68,64.0,0.0,63.68,63.68,107.0
2026-06-11 21:58:29,63.7,63.68,64.0,0.0,63.68,63.68,107.0
2026-06-11 21:59:37,63.7,63.68,64.0,0.0,63.68,63.68,107.0
2026-06-11 22:00:44,63.7,63.68,65.0,0.0,63.68,63.68,265.0
2026-06-11 22:01:52,63.7,63.68,64.0,0.0,63.68,63.68,90.0
2026-06-11 22:02:59,63.5,63.5,65.0,0.0,63.5,63.5,106.0
2026-06-11 22:04:08,63.1,63.14,64.0,0.0,63.14,63.14,104.0
2026-06-11 22:05:17,63.1,63.14,65.0,0.0,63.14,63.14,112.0
2026-06-11 22:06:25,63.1,63.14,65.0,0.0,63.14,63.14,112.0
2026-06-11 22:07:34,63.0,62.96,66.0,0.0,62.96,62.96,113.0
2026-06-11 22:08:43,63.0,62.96,66.0,0.0,62.96,62.96,113.0
2026-06-11 22:09:51,62.6,62.6,67.0,1.9,62.6,62.6,118.0
2026-06-11 22:10:59,62.4,62.42,67.0,0.0,62.42,62.42,122.0
2026-06-11 22:12:07,62.2,62.24,68.0,0.0,62.24,62.24,95.0
2026-06-11 22:13:15,62.1,62.06,68.0,1.5,62.06,62.06,136.0
2026-06-11 22:14:23,61.9,61.88,69.0,1.5,61.88,61.88,131.0
2026-06-11 22:15:30,61.9,61.88,69.0,1.5,61.88,61.88,138.0
2026-06-11 22:16:38,61.9,61.88,69.0,0.0,61.88,61.88,125.0
2026-06-11 22:17:45,61.9,61.88,69.0,0.0,61.88,61.88,125.0
2026-06-11 22:18:52,61.9,61.88,69.0,0.0,61.88,61.88,125.0
2026-06-11 22:20:00,61.5,61.52,70.0,0.0,61.52,61.52,128.0
2026-06-11 22:21:07,61.3,61.34,71.0,0.0,61.34,61.34,119.0
2026-06-11 22:22:15,61.3,61.34,71.0,1.7,61.34,61.34,132.0
2026-06-11 22:23:22,61.2,61.16,72.0,0.0,61.16,61.16,116.0
2026-06-11 22:24:29,61.0,60.98,72.0,1.3,60.98,60.98,124.0
2026-06-11 22:25:36,61.0,60.98,72.0,1.3,60.98,60.98,124.0
2026-06-11 22:26:44,61.0,60.98,72.0,1.3,60.98,60.98,124.0
2026-06-11 22:27:51,60.8,60.8,72.0,1.7,60.8,60.8,126.0
2026-06-11 22:28:59,60.8,60.8,72.0,0.9,60.8,60.8,123.0
2026-06-11 22:30:06,60.8,60.8,73.0,0.9,60.8,60.8,128.0
2026-06-11 22:31:13,60.6,60.62,73.0,0.0,60.62,60.62,118.0
2026-06-11 22:32:21,60.6,60.62,73.0,0.0,60.62,60.62,118.0
2026-06-11 22:33:28,60.6,60.62,73.0,0.9,60.62,60.62,115.0
2026-06-11 22:34:35,60.6,60.62,73.0,0.9,60.62,60.62,115.0
2026-06-11 22:35:42,60.6,60.62,73.0,0.0,60.62,60.62,134.0
2026-06-11 22:36:50,60.4,60.44,73.0,1.3,60.44,60.44,111.0
2026-06-11 22:37:57,60.4,60.44,74.0,0.0,60.44,60.44,115.0
2026-06-11 22:39:04,60.4,60.44,74.0,0.0,60.44,60.44,115.0
2026-06-11 22:40:11,60.4,60.44,74.0,0.0,60.44,60.44,115.0
2026-06-11 22:41:19,60.3,60.26,74.0,0.0,60.26,60.26,107.0
2026-06-11 22:42:26,60.3,60.26,74.0,0.0,60.26,60.26,107.0
2026-06-11 22:43:33,60.1,60.08,75.0,0.0,60.08,60.08,117.0
2026-06-11 22:44:41,60.1,60.08,75.0,0.0,60.08,60.08,117.0
2026-06-11 22:45:49,60.1,60.08,75.0,0.0,60.08,60.08,117.0
2026-06-11 22:46:56,60.1,60.08,75.0,0.0,60.08,60.08,117.0
2026-06-11 22:48:03,60.1,60.08,75.0,0.0,60.08,60.08,117.0
2026-06-11 22:49:10,60.1,60.08,75.0,0.0,60.08,60.08,117.0
2026-06-11 22:50:19,60.1,60.08,75.0,0.0,60.08,60.08,117.0
2026-06-11 22:51:26,60.1,60.08,75.0,0.9,60.08,60.08,114.0
2026-06-11 22:52:34,60.1,60.08,75.0,0.0,60.08,60.08,107.0
2026-06-11 22:53:40,59.9,59.9,75.0,1.5,59.9,59.9,121.0
2026-06-11 22:54:47,59.7,59.72,76.0,1.5,59.72,59.72,112.0
2026-06-11 22:55:54,59.7,59.72,76.0,0.0,59.72,59.72,108.0
2026-06-11 22:57:02,59.7,59.72,76.0,0.0,59.72,59.72,108.0
2026-06-11 22:58:09,59.7,59.72,76.0,0.0,59.72,59.72,106.0
2026-06-11 22:59:17,59.7,59.72,76.0,0.0,59.72,59.72,106.0
2026-06-11 23:00:24,59.5,59.54,76.0,1.7,59.54,59.54,92.0
2026-06-11 23:01:32,59.4,59.36,77.0,2.1,59.36,59.36,116.0
2026-06-11 23:02:41,59.0,59.0,78.0,3.7,59.0,59.0,130.0
2026-06-11 23:03:48,58.8,58.82,79.0,2.7,58.82,58.82,120.0
2026-06-11 23:04:56,58.6,58.64,80.0,1.5,58.64,58.64,124.0
2026-06-11 23:06:04,58.6,58.64,80.0,1.5,58.64,58.64,124.0
2026-06-11 23:07:12,58.5,58.46,80.0,2.3,58.46,58.46,134.0
2026-06-11 23:08:20,58.5,58.46,80.0,2.3,58.46,58.46,134.0
2026-06-11 23:09:28,58.5,58.46,80.0,2.3,58.46,58.46,134.0
2026-06-11 23:10:36,58.3,58.28,81.0,1.3,58.28,58.28,114.0
2026-06-11 23:27:44,57.2,57.2,84.0,3.5,57.2,57.2,110.0
2026-06-11 23:28:53,57.0,57.02,85.0,4.5,57.02,57.02,168.0
2026-06-11 23:30:01,57.0,57.02,85.0,0.0,57.02,57.02,235.0
2026-06-11 23:47:51,56.5,56.48,88.0,2.3,56.48,56.48,116.0
2026-06-11 23:49:00,56.5,56.48,88.0,2.3,56.48,56.48,116.0
2026-06-11 23:50:09,56.7,56.66,88.0,4.3,56.66,56.66,257.0
2026-06-11 23:51:17,56.5,56.48,88.0,2.5,56.48,56.48,236.0
2026-06-11 23:52:24,56.5,56.48,89.0,5.1,56.48,56.48,135.0
2026-06-11 23:53:32,56.5,56.48,89.0,5.3,56.48,56.48,293.0
2026-06-11 23:54:40,56.5,56.48,89.0,1.1,56.48,56.48,156.0
2026-06-11 23:55:49,56.3,56.3,89.0,3.3,56.3,56.3,135.0
2026-06-11 23:56:56,56.3,56.3,89.0,3.7,56.3,56.3,14.0
2026-06-11 23:58:04,56.1,56.12,89.0,1.5,56.12,56.12,66.0
2026-06-12 00:01:58,56.1,56.12,89.0,3.9,56.12,56.12,123.0
2026-06-12 00:03:06,56.1,56.12,89.0,2.5,56.12,56.12,305.0
2026-06-12 00:04:13,55.9,55.94,89.0,4.5,55.94,55.94,157.0
2026-06-12 00:05:22,55.9,55.94,89.0,1.3,55.94,55.94,21.0
2026-06-12 00:06:29,56.1,56.12,89.0,2.3,56.12,56.12,29.0
2026-06-12 00:07:37,55.9,55.94,89.0,1.5,55.94,55.94,125.0
2026-06-12 00:08:45,55.9,55.94,89.0,3.3,55.94,55.94,126.0
2026-06-12 00:09:53,55.9,55.94,90.0,1.9,55.94,55.94,104.0
2026-06-12 00:11:01,55.8,55.76,90.0,1.5,55.76,55.76,98.0
2026-06-12 00:12:08,55.8,55.76,90.0,1.5,55.76,55.76,98.0
2026-06-12 00:13:16,55.6,55.58,90.0,2.3,55.58,55.58,136.0
2026-06-12 00:15:21,55.6,55.58,90.0,4.3,55.58,55.58,98.0
2026-06-12 00:16:28,55.8,55.76,90.0,2.5,55.76,55.76,113.0
2026-06-12 00:17:36,55.8,55.76,90.0,4.1,55.76,55.76,298.0
2026-06-12 00:18:44,55.6,55.58,90.0,2.3,55.58,55.58,84.0
2026-06-12 00:19:54,55.4,55.4,91.0,4.5,55.4,55.4,125.0
2026-06-12 00:21:04,55.4,55.4,91.0,3.5,55.4,55.4,111.0
2026-06-12 00:22:15,55.6,55.58,91.0,4.1,55.58,55.58,299.0
2026-06-12 00:23:24,55.6,55.58,91.0,5.3,55.58,55.58,246.0
2026-06-12 00:24:35,55.6,55.58,91.0,2.5,55.58,55.58,136.0
2026-06-12 00:25:44,55.6,55.58,91.0,2.5,55.58,55.58,115.0
2026-06-12 00:26:51,55.4,55.4,91.0,3.1,55.4,55.4,139.0
2026-06-12 00:27:58,55.4,55.4,91.0,3.1,55.4,55.4,139.0
2026-06-12 00:29:07,55.4,55.4,91.0,3.1,55.4,55.4,139.0
2026-06-12 00:30:15,55.4,55.4,91.0,6.6,55.4,55.4,327.0
2026-06-12 00:31:23,55.6,55.58,91.0,2.7,55.58,55.58,222.0
2026-06-12 00:32:31,55.6,55.58,91.0,2.7,55.58,55.58,222.0
2026-06-12 00:33:39,55.4,55.4,91.0,3.7,55.4,55.4,201.0
2026-06-12 00:34:47,55.6,55.58,91.0,3.1,55.58,55.58,143.0
2026-06-12 00:52:43,55.4,55.4,92.0,3.5,55.4,55.4,138.0
2026-06-12 01:05:59,55.2,55.22,93.0,1.1,55.22,55.22,117.0
2026-06-12 01:07:06,55.2,55.22,93.0,1.1,55.22,55.22,117.0
2026-06-12 01:08:14,55.2,55.22,93.0,0.0,55.22,55.22,117.0
2026-06-12 01:09:23,55.2,55.22,93.0,0.9,55.22,55.22,116.0
2026-06-12 01:10:33,55.2,55.22,93.0,0.0,55.22,55.22,120.0
2026-06-12 01:11:41,55.2,55.22,93.0,0.0,55.22,55.22,125.0
2026-06-12 01:12:48,55.2,55.22,93.0,0.0,55.22,55.22,125.0
2026-06-12 01:30:36,55.0,55.04,94.0,0.9,55.04,55.04,113.0
2026-06-12 01:31:45,55.0,55.04,94.0,0.9,55.04,55.04,113.0
2026-06-12 01:54:20,54.9,54.86,92.0,1.3,54.86,54.86,121.0
2026-06-12 01:55:29,54.9,54.86,92.0,1.3,54.86,54.86,121.0
2026-06-12 02:08:01,55.0,55.04,93.0,0.0,55.04,55.04,127.0
2026-06-12 02:09:09,54.9,54.86,93.0,0.0,54.86,54.86,111.0
2026-06-12 02:25:27,54.7,54.68,93.0,0.0,54.68,54.68,106.0
2026-06-12 02:26:35,54.7,54.68,93.0,0.0,54.68,54.68,122.0
2026-06-12 02:27:41,54.7,54.68,93.0,0.0,54.68,54.68,122.0
2026-06-12 02:28:49,54.7,54.68,93.0,0.0,54.68,54.68,115.0
2026-06-12 02:45:21,54.7,54.68,92.0,0.0,54.68,54.68,113.0
2026-06-12 02:46:30,54.7,54.68,92.0,0.0,54.68,54.68,113.0
2026-06-12 02:47:38,54.7,54.68,92.0,0.0,54.68,54.68,113.0
2026-06-12 02:48:47,54.9,54.86,92.0,0.0,54.86,54.86,114.0
2026-06-12 03:05:12,55.4,55.4,91.0,0.0,55.4,55.4,135.0
2026-06-12 03:06:21,55.4,55.4,91.0,0.0,55.4,55.4,135.0
2026-06-12 03:07:28,55.4,55.4,91.0,0.0,55.4,55.4,135.0
2026-06-12 03:24:22,55.8,55.76,90.0,0.0,55.76,55.76,134.0
2026-06-12 03:25:30,55.8,55.76,90.0,0.0,55.76,55.76,134.0
2026-06-12 03:26:38,55.8,55.76,90.0,0.0,55.76,55.76,109.0
2026-06-12 03:27:45,55.8,55.76,90.0,0.0,55.76,55.76,109.0
2026-06-12 03:45:40,55.6,55.58,89.0,0.0,55.58,55.58,225.0
2026-06-12 03:46:48,55.6,55.58,89.0,0.0,55.58,55.58,225.0
2026-06-12 03:47:55,55.6,55.58,89.0,0.0,55.58,55.58,115.0
2026-06-12 03:49:03,55.6,55.58,89.0,0.0,55.58,55.58,115.0
2026-06-12 04:06:08,55.6,55.58,89.0,0.0,55.58,55.58,121.0
2026-06-12 04:13:32,55.4,55.4,89.0,0.0,55.4,55.4,110.0
2026-06-12 04:14:39,55.4,55.4,89.0,0.0,55.4,55.4,110.0
2026-06-12 04:15:47,55.4,55.4,89.0,0.0,55.4,55.4,110.0
2026-06-12 04:16:55,55.4,55.4,89.0,0.0,55.4,55.4,110.0
2026-06-12 04:18:04,55.4,55.4,89.0,0.0,55.4,55.4,110.0
2026-06-12 04:35:44,54.9,54.86,89.0,0.0,54.86,54.86,110.0
2026-06-12 04:36:52,54.9,54.86,89.0,0.0,54.86,54.86,110.0
2026-06-12 04:37:59,54.9,54.86,89.0,0.0,54.86,54.86,110.0
2026-06-12 04:39:06,54.9,54.86,89.0,0.0,54.86,54.86,110.0
2026-06-12 04:55:15,54.9,54.86,89.0,0.0,54.86,54.86,109.0
2026-06-12 04:56:23,54.9,54.86,90.0,0.0,54.86,54.86,108.0
2026-06-12 04:57:32,54.9,54.86,90.0,0.0,54.86,54.86,108.0
2026-06-12 05:08:19,54.9,54.86,92.0,0.0,54.86,54.86,109.0
2026-06-12 05:09:27,54.9,54.86,92.0,0.0,54.86,54.86,109.0
2026-06-12 05:10:35,54.9,54.86,92.0,0.0,54.86,54.86,109.0
2026-06-12 05:11:42,54.7,54.68,92.0,0.0,54.68,54.68,112.0
2026-06-12 05:29:11,54.5,54.5,92.0,0.0,54.5,54.5,107.0
2026-06-12 05:30:19,54.5,54.5,92.0,0.0,54.5,54.5,108.0
2026-06-12 05:31:27,54.5,54.5,93.0,0.0,54.5,54.5,110.0
2026-06-12 05:32:36,54.5,54.5,93.0,0.0,54.5,54.5,110.0
2026-06-12 05:48:47,54.7,54.68,93.0,0.0,54.68,54.68,104.0
2026-06-12 05:49:55,54.7,54.68,93.0,0.0,54.68,54.68,108.0
2026-06-12 05:51:02,54.7,54.68,93.0,0.0,54.68,54.68,108.0
2026-06-12 06:08:58,55.0,55.04,94.0,0.0,55.04,55.04,233.0
2026-06-12 06:10:06,55.0,55.04,94.0,0.0,55.04,55.04,233.0
2026-06-12 06:11:14,55.2,55.22,94.0,0.0,55.22,55.22,243.0
2026-06-12 06:27:48,56.3,56.3,95.0,0.0,56.3,56.3,251.0
2026-06-12 06:28:56,56.3,56.3,95.0,0.0,56.3,56.3,246.0
2026-06-12 06:30:05,56.3,56.3,95.0,0.0,56.3,56.3,246.0
2026-06-12 06:31:13,56.3,56.3,95.0,0.0,56.3,56.3,246.0
2026-06-12 06:47:54,57.2,57.2,93.0,0.0,57.2,57.2,101.0
2026-06-12 06:49:03,58.3,58.28,93.0,0.0,58.28,58.28,106.0
2026-06-12 06:50:12,58.5,58.46,93.0,0.9,58.46,58.46,329.0
2026-06-12 06:51:19,58.5,58.46,94.0,0.0,58.46,58.46,263.0
2026-06-12 07:07:59,59.4,59.36,93.0,0.0,59.36,59.36,257.0
2026-06-12 07:09:07,59.9,59.9,92.0,0.0,59.9,59.9,266.0
2026-06-12 07:25:19,65.3,65.3,86.0,1.3,65.3,65.3,106.0
2026-06-12 07:26:28,66.2,66.2,83.0,0.0,66.2,66.2,97.0
2026-06-12 07:42:41,69.6,69.62,70.0,0.0,69.62,69.62,256.0
2026-06-12 07:43:50,69.6,69.62,69.0,0.9,69.62,69.62,266.0
2026-06-12 07:44:59,69.4,69.44,68.0,1.1,69.44,69.44,253.0
2026-06-12 07:48:11,67.8,67.82,65.0,3.1,67.82,67.82,133.0
2026-06-12 07:49:20,67.6,67.64,65.0,2.5,67.64,67.64,211.0
2026-06-12 07:50:28,68.2,68.18,65.0,1.9,68.18,68.18,147.0
2026-06-12 07:51:37,68.7,68.72,64.0,1.7,68.72,68.72,259.0
2026-06-12 07:52:45,69.4,69.44,65.0,0.0,69.44,69.44,120.0
2026-06-12 07:53:53,70.0,69.98,65.0,0.0,69.98,69.98,76.0
2026-06-12 07:55:01,70.0,69.98,64.0,2.1,69.98,69.98,329.0
2026-06-12 07:56:10,69.8,69.8,63.0,1.9,69.8,69.8,265.0
2026-06-12 07:57:18,70.5,70.52,63.0,1.3,70.52,70.52,32.0
2026-06-12 07:58:26,70.3,70.34,62.0,3.1,70.34,70.34,28.0
2026-06-12 07:59:35,70.7,70.7,62.0,0.9,70.7,70.7,82.0
2026-06-12 08:00:43,70.7,70.7,60.0,1.9,70.7,70.7,276.0
2026-06-12 08:01:53,70.7,70.7,60.0,0.0,70.7,70.7,262.0
2026-06-12 08:03:04,71.8,71.78,60.0,1.7,71.78,71.78,277.0
2026-06-12 08:04:14,72.0,71.96,60.0,0.0,71.96,71.96,230.0
2026-06-12 08:05:22,71.4,71.42,59.0,1.1,71.42,71.42,261.0
2026-06-12 08:06:32,71.6,71.6,58.0,0.0,71.6,71.6,263.0
2026-06-12 08:07:41,71.4,71.42,59.0,2.7,71.42,71.42,164.0
2026-06-12 08:08:50,70.7,70.7,58.0,2.5,70.7,70.7,117.0
2026-06-12 08:09:58,70.7,70.7,58.0,0.9,70.7,70.7,118.0
2026-06-12 08:11:06,71.2,71.24,58.0,0.0,71.24,71.24,122.0
2026-06-12 08:12:16,72.5,72.5,58.0,1.7,72.5,72.5,291.0
2026-06-12 08:13:24,72.7,72.68,58.0,0.0,72.68,72.68,249.0
2026-06-12 08:14:32,73.9,73.94,58.0,0.0,73.94,73.94,260.0
2026-06-12 08:15:40,74.5,74.48,58.0,1.7,74.48,74.48,219.0
2026-06-12 08:16:48,74.1,74.12,55.0,1.3,74.12,74.12,306.0
2026-06-12 08:17:57,74.1,74.12,55.0,1.3,74.12,74.12,306.0
2026-06-12 08:19:04,75.2,75.2,56.0,0.0,75.2,75.2,103.0
2026-06-12 08:20:11,75.2,75.2,56.0,0.0,75.2,75.2,103.0
2026-06-12 08:21:19,74.3,74.3,54.0,1.7,74.3,74.3,236.0
2026-06-12 08:22:26,74.5,74.48,53.0,2.3,74.48,74.48,237.0
2026-06-12 08:23:34,74.8,74.84,54.0,0.0,74.84,74.84,266.0
2026-06-12 08:24:48,74.8,74.84,54.0,0.0,74.84,74.84,266.0
2026-06-12 08:25:55,75.7,75.74,53.0,1.5,75.74,75.74,102.0
2026-06-12 08:27:03,75.9,75.92,53.0,0.0,75.92,75.92,101.0
2026-06-12 08:28:11,76.1,76.1,52.0,0.0,76.1,76.1,235.0
2026-06-12 08:29:20,76.1,76.1,52.0,0.0,76.1,76.1,235.0
2026-06-12 08:30:28,76.1,76.1,52.0,0.0,76.1,76.1,235.0
2026-06-12 08:31:36,77.0,77.0,51.0,0.0,77.0,77.0,257.0
2026-06-12 08:32:44,76.5,76.46,50.0,0.9,76.46,76.46,250.0
2026-06-12 08:33:53,76.5,76.46,50.0,0.9,76.46,76.46,250.0
2026-06-12 08:34:59,77.2,77.18,50.0,1.1,77.18,77.18,258.0
2026-06-12 08:36:07,77.0,77.0,49.0,1.9,77.0,77.0,246.0
2026-06-12 08:37:15,75.9,75.92,48.0,1.3,75.92,75.92,111.0
2026-06-12 08:38:22,76.6,76.64,49.0,1.3,76.64,76.64,104.0
2026-06-12 08:39:29,77.5,77.54,50.0,0.0,77.54,77.54,125.0
2026-06-12 08:40:37,76.8,76.82,48.0,2.9,76.82,76.82,255.0
2026-06-12 08:41:45,76.5,76.46,47.0,1.5,76.46,76.46,9.0
2026-06-12 08:42:53,76.5,76.46,48.0,1.5,76.46,76.46,88.0
2026-06-12 08:44:02,76.3,76.28,48.0,2.3,76.28,76.28,53.0
2026-06-12 08:45:10,75.6,75.56,47.0,1.7,75.56,75.56,93.0
2026-06-12 08:46:18,76.1,76.1,48.0,0.0,76.1,76.1,115.0
2026-06-12 08:47:26,76.5,76.46,48.0,2.1,76.46,76.46,101.0
2026-06-12 08:48:35,76.6,76.64,48.0,0.0,76.64,76.64,106.0
2026-06-12 08:49:44,75.9,75.92,47.0,1.5,75.92,75.92,108.0
2026-06-12 08:50:51,76.1,76.1,47.0,0.0,76.1,76.1,101.0
2026-06-12 08:51:58,77.4,77.36,46.0,0.0,77.36,77.36,139.0
2026-06-12 08:53:06,78.1,78.08,46.0,0.0,78.08,78.08,108.0
2026-06-12 08:54:14,79.0,78.98,46.0,0.0,78.98,78.98,246.0
2026-06-12 08:55:23,79.5,79.52,46.0,0.0,79.52,79.52,285.0
2026-06-12 08:56:29,79.3,79.34,46.0,1.1,79.34,79.34,118.0
2026-06-12 08:57:38,79.9,79.88,45.0,0.0,79.88,79.88,197.0
2026-06-12 08:58:46,80.2,80.54,45.0,0.0,80.24,80.54,125.0
2026-06-12 08:59:54,79.3,79.34,44.0,1.5,79.34,79.34,55.0
2026-06-12 09:01:02,78.1,78.08,44.0,2.7,78.08,78.08,104.0
2026-06-12 09:02:38,78.6,78.62,44.0,2.7,78.62,78.62,14.0
2026-06-12 09:20:41,80.8,80.58,41.0,1.1,80.78,80.58,260.0
2026-06-12 09:52:48,84.4,83.36,38.0,0.0,84.38,83.36,248.0
2026-06-12 09:53:57,84.0,83.01,38.0,1.3,84.02,83.01,261.0
2026-06-12 09:55:09,84.7,83.56,37.0,2.9,84.74,83.56,214.0
2026-06-12 09:56:20,84.9,83.73,37.0,0.0,84.92,83.73,225.0
2026-06-12 09:57:30,84.7,83.56,37.0,1.3,84.74,83.56,93.0
2026-06-12 09:58:40,84.2,83.03,37.0,2.9,84.2,83.03,48.0
2026-06-12 10:00:34,82.9,81.9,37.0,0.0,82.94,81.9,109.0
2026-06-12 10:01:46,84.0,82.87,37.0,0.0,84.02,82.87,253.0
2026-06-12 10:02:55,84.7,83.56,37.0,0.0,84.74,83.56,102.0
2026-06-12 10:04:05,85.3,84.1,37.0,1.5,85.28,84.1,255.0
2026-06-12 10:05:15,85.3,84.1,37.0,1.5,85.28,84.1,255.0
2026-06-12 10:06:23,85.5,84.12,36.0,0.0,85.46,84.12,95.0
2026-06-12 10:07:31,85.5,84.12,36.0,0.0,85.46,84.12,95.0
2026-06-12 10:08:39,85.1,83.76,36.0,0.0,85.1,83.76,93.0
2026-06-12 10:09:46,85.8,84.32,35.0,1.1,85.82,84.32,22.0
2026-06-12 10:10:54,86.2,84.69,35.0,0.0,86.18,84.69,301.0
2026-06-12 10:12:01,86.2,84.69,35.0,0.0,86.18,84.69,104.0
2026-06-12 10:13:10,86.5,85.07,35.0,0.0,86.54,85.07,58.0
2026-06-12 10:14:16,86.4,84.7,34.0,1.1,86.36,84.7,260.0
2026-06-12 10:15:25,86.9,85.27,34.0,1.1,86.9,85.27,274.0
2026-06-12 10:16:34,87.4,85.86,34.0,0.0,87.44,85.86,261.0
2026-06-12 10:17:44,88.3,87.09,35.0,0.0,88.34,87.09,108.0
2026-06-12 10:18:51,88.3,87.09,35.0,0.0,88.34,87.09,108.0
2026-06-12 10:20:00,89.6,88.39,34.0,0.0,89.6,88.39,232.0
2026-06-12 10:21:07,88.7,87.29,34.0,0.0,88.7,87.29,106.0
2026-06-12 10:22:16,88.0,86.26,33.0,2.9,87.98,86.26,213.0
2026-06-12 10:23:23,88.0,86.26,33.0,0.0,87.98,86.26,254.0
2026-06-12 10:24:30,88.0,86.26,33.0,0.0,87.98,86.26,254.0
2026-06-12 10:25:37,89.4,87.92,33.0,1.9,89.42,87.92,261.0
2026-06-12 10:26:46,88.7,86.86,32.0,3.1,88.7,86.86,268.0
2026-06-12 10:27:55,88.7,86.86,32.0,1.1,88.7,86.86,276.0
2026-06-12 10:29:04,88.3,86.27,31.0,0.0,88.34,86.27,6.0
2026-06-12 10:30:12,89.1,87.27,32.0,1.3,89.06,87.27,247.0
2026-06-12 10:31:20,89.1,87.27,32.0,1.3,89.06,87.27,247.0
2026-06-12 10:32:27,89.6,87.9,32.0,0.0,89.6,87.9,95.0
2026-06-12 10:33:36,88.3,86.46,32.0,2.5,88.34,86.46,265.0
2026-06-12 10:34:45,88.7,86.86,32.0,2.5,88.7,86.86,231.0
2026-06-12 10:35:53,88.7,86.86,32.0,2.5,88.7,86.86,231.0
2026-06-12 10:37:00,87.8,85.87,32.0,1.7,87.8,85.87,248.0
2026-06-12 10:38:07,87.4,85.49,32.0,4.3,87.44,85.49,89.0
2026-06-12 10:39:14,88.2,86.26,32.0,0.9,88.16,86.26,108.0
2026-06-12 10:40:22,89.1,87.27,32.0,0.0,89.06,87.27,89.0
2026-06-12 10:41:30,90.5,89.0,32.0,0.0,90.5,89.0,31.0
2026-06-12 10:42:38,89.8,88.12,32.0,1.7,89.78,88.12,196.0
2026-06-12 10:43:47,89.2,87.48,32.0,1.5,89.24,87.48,212.0
2026-06-12 10:44:54,89.4,87.69,32.0,1.3,89.42,87.69,327.0
2026-06-12 10:46:03,89.1,87.27,32.0,2.1,89.06,87.27,226.0
2026-06-12 10:47:10,89.1,87.27,32.0,0.0,89.06,87.27,262.0
2026-06-12 10:48:18,89.2,87.48,32.0,3.3,89.24,87.48,268.0
2026-06-12 10:49:26,88.3,86.46,32.0,2.3,88.34,86.46,87.0
2026-06-12 10:50:35,88.0,86.06,32.0,4.9,87.98,86.06,226.0
2026-06-12 10:51:42,87.8,85.69,31.0,2.1,87.8,85.69,267.0
2026-06-12 10:52:50,87.8,85.87,32.0,1.1,87.8,85.87,259.0
2026-06-12 10:53:58,86.9,84.92,32.0,5.3,86.9,84.92,225.0
2026-06-12 10:55:07,86.0,84.03,32.0,5.1,86.0,84.03,251.0
2026-06-12 10:56:14,86.2,84.21,32.0,2.7,86.18,84.21,323.0
2026-06-12 10:57:21,87.3,85.3,32.0,3.9,87.26,85.3,240.0
2026-06-12 10:58:30,87.3,85.47,33.0,4.3,87.26,85.47,251.0
2026-06-12 10:59:37,88.3,86.66,33.0,1.9,88.34,86.66,95.0
2026-06-12 11:00:45,89.2,87.71,33.0,0.0,89.24,87.71,268.0
2026-06-12 11:01:52,89.6,87.9,32.0,1.9,89.6,87.9,181.0
2026-06-12 11:03:00,89.4,87.92,33.0,1.7,89.42,87.92,271.0
2026-06-12 11:04:09,88.7,86.86,32.0,1.7,88.7,86.86,255.0
2026-06-12 11:05:16,88.9,87.28,33.0,1.7,88.88,87.28,146.0
2026-06-12 11:06:24,88.2,86.26,32.0,1.7,88.16,86.26,41.0
2026-06-12 11:07:32,88.0,85.88,31.0,3.5,87.98,85.88,255.0
2026-06-12 11:08:42,87.4,85.49,32.0,1.9,87.44,85.49,240.0
2026-06-12 11:09:49,87.4,85.49,32.0,1.9,87.44,85.49,240.0
2026-06-12 11:10:57,87.4,85.49,32.0,2.7,87.44,85.49,230.0
2026-06-12 11:12:04,87.3,85.3,32.0,2.5,87.26,85.3,183.0
2026-06-12 11:13:11,87.3,85.3,32.0,2.5,87.26,85.3,183.0
2026-06-12 11:14:18,86.5,84.56,32.0,1.9,86.54,84.56,118.0
2026-06-12 11:15:26,86.5,84.56,32.0,1.9,86.54,84.56,118.0
2026-06-12 11:16:35,87.1,85.11,32.0,3.3,87.08,85.11,342.0
2026-06-12 11:17:42,87.1,85.11,32.0,3.3,87.08,85.11,342.0
2026-06-12 11:18:50,87.6,85.68,32.0,2.3,87.62,85.68,107.0
2026-06-12 11:20:23,86.5,84.56,32.0,2.9,86.54,84.56,197.0
2026-06-12 11:22:28,87.1,85.11,32.0,1.5,87.08,85.11,273.0
2026-06-12 11:39:16,89.2,87.27,31.0,1.3,89.24,87.27,260.0
2026-06-12 11:40:23,90.0,87.88,30.0,1.3,89.96,87.88,145.0
2026-06-12 11:41:30,90.1,88.09,30.0,3.7,90.14,88.09,153.0
2026-06-12 11:57:55,87.3,84.97,30.0,4.3,87.26,84.97,113.0
2026-06-12 11:59:07,87.8,85.36,29.0,4.9,87.8,85.36,296.0
2026-06-12 12:00:14,87.6,85.33,30.0,1.7,87.62,85.33,49.0
2026-06-12 12:01:23,87.6,85.18,29.0,4.7,87.62,85.18,62.0
2026-06-12 12:02:30,88.2,85.73,29.0,3.7,88.16,85.73,325.0
2026-06-12 12:03:39,87.8,85.36,29.0,0.9,87.8,85.36,328.0
2026-06-12 12:04:46,88.2,85.73,29.0,1.7,88.16,85.73,252.0
2026-06-12 12:05:55,88.5,86.28,30.0,1.3,88.52,86.28,96.0
2026-06-12 12:07:03,88.7,86.29,29.0,1.7,88.7,86.29,253.0
2026-06-12 12:08:11,89.1,86.68,29.0,1.7,89.06,86.68,142.0
2026-06-12 12:09:20,87.6,85.18,29.0,4.7,87.62,85.18,243.0
2026-06-12 12:10:28,87.1,84.65,29.0,2.9,87.08,84.65,276.0
2026-06-12 12:11:38,88.5,86.1,29.0,1.1,88.52,86.1,189.0
2026-06-12 12:12:46,88.2,85.57,28.0,1.1,88.16,85.57,183.0
2026-06-12 12:13:55,88.3,85.75,28.0,5.1,88.34,85.75,237.0
2026-06-12 12:15:03,87.6,85.03,28.0,6.2,87.62,85.03,103.0
2026-06-12 12:16:12,87.4,84.85,28.0,3.1,87.44,84.85,186.0
2026-06-12 12:17:20,88.2,85.57,28.0,1.9,88.16,85.57,296.0
2026-06-12 12:18:29,87.4,84.85,28.0,3.5,87.44,84.85,240.0
2026-06-12 12:19:37,86.7,84.17,28.0,3.5,86.72,84.17,161.0
2026-06-12 12:20:44,86.7,84.17,28.0,3.5,86.72,84.17,161.0
2026-06-12 12:21:52,87.1,84.51,28.0,1.3,87.08,84.51,211.0
2026-06-12 12:22:59,86.7,84.17,28.0,3.3,86.72,84.17,43.0
2026-06-12 12:24:07,86.9,84.34,28.0,2.5,86.9,84.34,109.0
2026-06-12 12:25:16,86.5,84.0,28.0,2.7,86.54,84.0,229.0
2026-06-12 12:26:24,86.5,84.0,28.0,2.9,86.54,84.0,357.0
2026-06-12 12:27:33,85.8,83.46,29.0,3.3,85.82,83.46,203.0
2026-06-12 12:28:41,86.0,83.51,28.0,2.7,86.0,83.51,227.0
2026-06-12 12:29:49,86.5,84.0,28.0,2.5,86.54,84.0,2.0
2026-06-12 12:30:58,85.6,83.3,29.0,3.9,85.64,83.3,228.0
2026-06-12 12:32:07,85.6,83.3,29.0,5.9,85.64,83.3,159.0
2026-06-12 12:33:16,85.8,83.46,29.0,9.7,85.82,83.46,240.0
2026-06-12 12:34:25,85.8,83.46,29.0,2.3,85.82,83.46,93.0
2026-06-12 12:52:14,86.2,83.79,29.0,2.9,86.18,83.79,315.0
2026-06-12 12:56:41,83.1,81.31,30.0,6.4,83.12,81.31,349.0
2026-06-12 12:57:49,83.5,81.59,30.0,4.9,83.48,81.59,313.0
2026-06-12 12:58:57,83.5,81.59,30.0,4.9,83.48,81.59,313.0
2026-06-12 13:00:05,83.5,81.59,30.0,2.9,83.48,81.59,2.0
2026-06-12 13:17:16,81.5,80.3,32.0,3.5,81.5,80.3,81.0
2026-06-12 13:19:56,80.4,79.66,33.0,5.7,80.42,79.66,95.0
2026-06-12 13:21:03,81.7,80.42,32.0,1.9,81.68,80.42,111.0
2026-06-12 13:22:12,81.0,79.93,32.0,3.1,80.96,79.93,72.0
2026-06-12 13:23:21,80.8,79.81,32.0,5.7,80.78,79.81,96.0
2026-06-12 13:24:29,80.1,79.36,32.0,4.3,80.06,79.36,102.0
2026-06-12 13:25:37,79.7,79.7,32.0,5.7,79.7,79.7,281.0
2026-06-12 13:26:45,79.7,79.7,32.0,3.1,79.7,79.7,347.0
2026-06-12 13:27:52,79.7,79.7,32.0,3.1,79.7,79.7,347.0
2026-06-12 13:29:01,80.2,79.55,33.0,4.5,80.24,79.55,328.0
2026-06-12 13:30:09,80.6,79.7,32.0,2.1,80.6,79.7,94.0
2026-06-12 13:31:18,80.1,79.43,33.0,5.5,80.06,79.43,339.0
2026-06-12 13:32:26,80.1,79.43,33.0,3.7,80.06,79.43,274.0
2026-06-12 13:33:34,80.1,79.43,33.0,4.9,80.06,79.43,279.0
2026-06-12 13:34:42,80.1,79.43,33.0,4.9,80.06,79.43,279.0
2026-06-12 13:35:49,80.1,79.43,33.0,7.5,80.06,79.43,276.0
2026-06-12 13:36:57,81.0,79.93,32.0,5.9,80.96,79.93,241.0
2026-06-12 13:38:06,81.0,79.93,32.0,4.1,80.96,79.93,273.0
2026-06-12 13:39:13,81.0,79.93,32.0,2.7,80.96,79.93,224.0
2026-06-12 13:40:21,80.8,79.81,32.0,5.1,80.78,79.81,88.0
2026-06-12 13:41:29,80.8,79.81,32.0,2.3,80.78,79.81,167.0
2026-06-12 13:42:37,81.1,80.05,32.0,3.5,81.14,80.05,343.0
2026-06-12 13:43:45,80.8,79.81,32.0,5.9,80.78,79.81,89.0
2026-06-12 13:44:54,80.6,79.7,32.0,4.1,80.6,79.7,111.0
2026-06-12 13:46:03,82.2,80.81,32.0,3.7,82.22,80.81,164.0
2026-06-12 13:47:11,81.1,80.05,32.0,4.3,81.14,80.05,86.0
2026-06-12 13:48:18,81.0,79.93,32.0,6.2,80.96,79.93,335.0
2026-06-12 13:49:27,81.5,80.3,32.0,5.9,81.5,80.3,263.0
2026-06-12 13:50:37,81.1,80.05,32.0,6.1,81.14,80.05,208.0
2026-06-12 13:51:46,82.0,80.68,32.0,1.3,82.04,80.68,254.0
2026-06-12 13:52:55,81.1,80.05,32.0,7.9,81.14,80.05,142.0
2026-06-12 13:54:03,80.8,79.81,32.0,5.1,80.78,79.81,346.0
2026-06-12 13:55:11,81.1,80.05,32.0,3.3,81.14,80.05,329.0
2026-06-12 13:56:19,81.1,80.05,32.0,4.9,81.14,80.05,40.0
2026-06-12 13:57:27,81.0,79.93,32.0,5.5,80.96,79.93,213.0
2026-06-12 13:58:35,81.3,80.17,32.0,1.5,81.32,80.17,113.0
2026-06-12 13:59:43,81.5,80.3,32.0,4.1,81.5,80.3,228.0
2026-06-12 14:00:52,81.5,80.3,32.0,4.1,81.5,80.3,228.0
2026-06-12 14:02:00,81.0,79.93,32.0,4.9,80.96,79.93,85.0
2026-06-12 14:03:31,80.6,79.7,32.0,2.5,80.6,79.7,198.0
2026-06-12 14:04:39,81.3,80.17,32.0,6.9,81.32,80.17,43.0
2026-06-12 14:05:48,81.7,80.42,32.0,4.5,81.68,80.42,291.0
2026-06-12 14:06:56,81.0,79.93,32.0,5.9,80.96,79.93,279.0
2026-06-12 14:08:04,80.2,79.55,33.0,5.1,80.24,79.55,319.0
2026-06-12 14:09:12,79.9,79.88,33.0,6.2,79.88,79.88,270.0
2026-06-12 14:10:21,79.9,79.88,33.0,3.1,79.88,79.88,149.0
2026-06-12 14:11:29,81.9,80.64,33.0,2.1,81.86,80.64,228.0
2026-06-12 14:12:37,80.2,79.55,33.0,5.5,80.24,79.55,245.0
2026-06-12 14:13:46,79.3,79.34,33.0,4.3,79.34,79.34,270.0
2026-06-12 14:14:53,79.5,79.52,33.0,5.3,79.52,79.52,244.0
2026-06-12 14:16:02,80.1,79.43,33.0,7.1,80.06,79.43,161.0
2026-06-12 14:17:11,80.1,79.43,33.0,7.1,80.06,79.43,161.0
2026-06-12 14:18:21,80.1,79.43,33.0,7.1,80.06,79.43,161.0
2026-06-12 14:19:30,80.4,79.66,33.0,2.3,80.42,79.66,294.0
2026-06-12 14:20:37,80.6,79.7,32.0,5.5,80.6,79.7,49.0
2026-06-12 14:21:44,80.8,79.89,33.0,4.3,80.78,79.89,312.0
2026-06-12 14:22:52,81.1,80.13,33.0,1.5,81.14,80.13,261.0
2026-06-12 14:24:00,80.8,79.89,33.0,5.3,80.78,79.89,14.0
2026-06-12 14:25:08,80.8,79.89,33.0,1.7,80.78,79.89,119.0
2026-06-12 14:26:16,80.6,79.77,33.0,8.1,80.6,79.77,259.0
2026-06-12 14:27:24,80.4,79.66,33.0,4.3,80.42,79.66,132.0
2026-06-12 14:28:31,80.8,79.89,33.0,5.1,80.78,79.89,342.0
2026-06-12 14:45:07,79.2,79.16,34.0,5.3,79.16,79.16,333.0
2026-06-12 15:02:02,78.8,78.8,34.0,6.1,78.8,78.8,98.0
2026-06-12 15:03:11,79.9,79.88,34.0,3.1,79.88,79.88,11.0
2026-06-12 15:04:18,79.9,79.88,34.0,3.1,79.88,79.88,11.0
2026-06-12 15:05:25,79.9,79.88,34.0,3.1,79.88,79.88,11.0
2026-06-12 15:21:41,79.2,79.16,34.0,4.5,79.16,79.16,312.0
2026-06-12 15:22:49,79.7,79.7,34.0,4.5,79.7,79.7,63.0
2026-06-12 15:24:53,79.0,78.98,34.0,8.9,78.98,78.98,33.0
2026-06-12 15:26:01,80.4,79.73,34.0,3.3,80.42,79.73,210.0
2026-06-12 15:27:08,80.1,79.51,34.0,4.7,80.06,79.51,224.0
2026-06-12 15:43:51,78.8,78.8,34.0,2.5,78.8,78.8,13.0
2026-06-12 15:44:59,79.2,79.16,34.0,6.9,79.16,79.16,85.0
2026-06-12 15:46:06,79.2,79.16,34.0,6.9,79.16,79.16,85.0
2026-06-12 15:52:50,78.6,78.62,34.0,5.9,78.62,78.62,94.0
2026-06-12 15:53:57,78.1,78.08,34.0,4.7,78.08,78.08,263.0
2026-06-12 15:55:05,78.3,78.26,35.0,3.9,78.26,78.26,264.0
2026-06-12 15:56:13,78.3,78.26,34.0,3.3,78.26,78.26,113.0
2026-06-12 15:57:23,78.1,78.08,34.0,5.5,78.08,78.08,242.0
2026-06-12 15:58:30,77.7,77.72,34.0,5.3,77.72,77.72,254.0
2026-06-12 15:59:37,77.5,77.54,34.0,2.7,77.54,77.54,79.0
2026-06-12 16:00:45,77.0,77.0,34.0,4.3,77.0,77.0,124.0
2026-06-12 16:01:53,77.7,77.72,35.0,2.5,77.72,77.72,259.0
2026-06-12 16:03:01,77.7,77.72,35.0,4.9,77.72,77.72,113.0
2026-06-12 16:04:09,78.4,78.44,35.0,2.1,78.44,78.44,327.0
2026-06-12 16:05:17,78.1,78.08,34.0,3.9,78.08,78.08,203.0
2026-06-12 16:06:24,78.6,78.62,34.0,7.1,78.62,78.62,147.0
2026-06-12 16:07:31,78.8,78.8,34.0,3.5,78.8,78.8,45.0
2026-06-12 16:08:39,78.3,78.26,34.0,5.5,78.26,78.26,240.0
2026-06-12 16:09:46,78.3,78.26,34.0,5.5,78.26,78.26,240.0
2026-06-12 16:10:54,77.7,77.72,34.0,7.5,77.72,77.72,194.0
2026-06-12 16:12:01,77.0,77.0,34.0,11.8,77.0,77.0,181.0
2026-06-12 16:13:09,77.0,77.0,34.0,6.1,77.0,77.0,304.0
2026-06-12 16:14:18,77.2,77.18,34.0,5.1,77.18,77.18,265.0
2026-06-12 16:15:25,77.4,77.36,35.0,4.3,77.36,77.36,193.0
2026-06-12 16:16:35,77.0,77.0,34.0,3.1,77.0,77.0,247.0
2026-06-12 16:17:45,77.2,77.18,35.0,4.9,77.18,77.18,297.0
2026-06-12 16:18:54,76.3,76.28,35.0,3.7,76.28,76.28,78.0
2026-06-12 16:20:03,75.9,75.92,35.0,4.1,75.92,75.92,215.0
2026-06-12 16:21:13,75.9,75.92,35.0,9.7,75.92,75.92,231.0
2026-06-12 16:22:23,75.2,75.2,36.0,6.7,75.2,75.2,283.0
2026-06-12 16:23:33,73.9,73.94,36.0,5.1,73.94,73.94,40.0
2026-06-12 16:24:42,74.3,74.3,36.0,8.5,74.3,74.3,221.0
2026-06-12 16:25:51,74.5,74.48,36.0,5.7,74.48,74.48,68.0
2026-06-12 16:27:00,73.4,73.4,36.0,16.2,73.4,73.4,107.0
2026-06-12 16:28:10,73.6,73.58,36.0,6.1,73.58,73.58,326.0
2026-06-12 16:29:19,75.2,75.2,36.0,3.5,75.2,75.2,208.0
2026-06-12 16:30:31,75.0,75.02,37.0,7.7,75.02,75.02,80.0
2026-06-12 16:31:41,75.2,75.2,36.0,2.3,75.2,75.2,293.0
2026-06-12 16:32:50,75.2,75.2,36.0,2.3,75.2,75.2,293.0
2026-06-12 16:34:00,74.1,74.12,37.0,3.9,74.12,74.12,91.0
2026-06-12 16:35:10,74.8,74.84,37.0,2.7,74.84,74.84,326.0
2026-06-12 16:36:19,74.7,74.66,37.0,4.9,74.66,74.66,46.0
2026-06-12 16:37:28,74.7,74.66,37.0,4.7,74.66,74.66,34.0
2026-06-12 16:38:38,73.8,73.76,37.0,7.3,73.76,73.76,42.0
2026-06-12 16:39:48,73.9,73.94,37.0,8.5,73.94,73.94,108.0
2026-06-12 16:40:57,73.9,73.94,37.0,8.5,73.94,73.94,108.0
2026-06-12 16:42:06,74.7,74.66,37.0,5.3,74.66,74.66,285.0
2026-06-12 16:43:18,74.7,74.66,37.0,5.3,74.66,74.66,285.0
2026-06-12 16:44:28,73.4,73.4,37.0,8.9,73.4,73.4,144.0
2026-06-12 16:45:39,72.5,72.5,38.0,5.5,72.5,72.5,348.0
2026-06-12 16:46:48,72.7,72.68,39.0,5.5,72.68,72.68,279.0
2026-06-12 16:47:58,73.4,73.4,38.0,6.7,73.4,73.4,14.0
2026-06-12 16:49:08,73.4,73.4,38.0,4.3,73.4,73.4,169.0
2026-06-12 16:50:22,73.0,73.04,38.0,7.1,73.04,73.04,320.0
2026-06-12 16:53:37,73.4,73.4,38.0,2.7,73.4,73.4,48.0
2026-06-12 16:54:46,73.0,73.04,38.0,4.7,73.04,73.04,242.0
2026-06-12 16:55:55,72.5,72.5,39.0,5.3,72.5,72.5,155.0
2026-06-12 16:57:05,72.5,72.5,39.0,5.3,72.5,72.5,155.0
2026-06-12 16:58:16,73.9,73.94,39.0,5.1,73.94,73.94,314.0
2026-06-12 16:59:26,73.9,73.94,38.0,6.2,73.94,73.94,295.0
2026-06-12 17:00:36,72.5,72.5,39.0,10.0,72.5,72.5,58.0
2026-06-12 17:01:47,73.0,73.04,39.0,7.3,73.04,73.04,207.0
2026-06-12 17:02:56,72.7,72.68,39.0,6.1,72.68,72.68,128.0
2026-06-12 17:04:06,73.0,73.04,39.0,3.1,73.04,73.04,74.0
2026-06-12 17:05:16,73.0,73.04,39.0,3.1,73.04,73.04,74.0
2026-06-12 17:06:26,72.5,72.5,39.0,5.5,72.5,72.5,156.0
2026-06-12 17:07:37,72.5,72.5,39.0,4.5,72.5,72.5,294.0
2026-06-12 17:08:47,73.2,73.22,39.0,3.1,73.22,73.22,345.0
2026-06-12 17:09:56,72.9,72.86,39.0,7.7,72.86,72.86,116.0
2026-06-12 17:11:07,72.5,72.5,39.0,3.9,72.5,72.5,264.0
2026-06-12 17:12:18,72.5,72.5,39.0,3.9,72.5,72.5,264.0
2026-06-12 17:13:27,73.0,73.04,39.0,10.2,73.04,73.04,101.0
2026-06-12 17:14:36,72.7,72.68,39.0,2.9,72.68,72.68,289.0
2026-06-12 17:15:45,73.0,73.04,40.0,1.9,73.04,73.04,302.0
2026-06-12 17:16:55,72.5,72.5,40.0,4.1,72.5,72.5,50.0
2026-06-12 17:18:06,71.8,71.78,39.0,6.9,71.78,71.78,276.0
2026-06-12 17:19:16,71.4,71.42,40.0,4.9,71.42,71.42,173.0
2026-06-12 17:20:26,71.6,71.6,40.0,6.9,71.6,71.6,10.0
2026-06-12 17:21:35,71.8,71.78,40.0,2.9,71.78,71.78,123.0
2026-06-12 17:22:46,71.4,71.42,41.0,4.7,71.42,71.42,122.0
2026-06-12 17:23:56,70.9,70.88,41.0,5.5,70.88,70.88,103.0
2026-06-12 17:25:06,70.5,70.52,41.0,8.9,70.52,70.52,24.0
2026-06-12 17:26:17,71.4,71.42,41.0,6.2,71.42,71.42,28.0
2026-06-12 17:41:03,68.5,68.54,44.0,5.3,68.54,68.54,309.0
2026-06-12 17:42:13,68.7,68.72,44.0,3.9,68.72,68.72,164.0
2026-06-12 17:43:23,68.4,68.36,44.0,7.1,68.36,68.36,80.0
2026-06-12 17:44:33,68.7,68.72,44.0,6.2,68.72,68.72,10.0
2026-06-12 17:45:43,68.2,68.18,44.0,4.3,68.18,68.18,129.0
2026-06-12 17:46:52,68.0,68.0,44.0,6.4,68.0,68.0,334.0
2026-06-12 17:48:01,68.4,68.36,44.0,5.3,68.36,68.36,260.0
2026-06-12 17:49:11,67.8,67.82,45.0,4.5,67.82,67.82,114.0
2026-06-12 17:50:20,67.8,67.82,45.0,4.5,67.82,67.82,114.0
2026-06-12 17:51:30,67.5,67.46,46.0,5.7,67.46,67.46,301.0
2026-06-12 17:52:39,67.5,67.46,46.0,5.7,67.46,67.46,301.0
2026-06-12 17:53:50,66.4,66.38,46.0,7.9,66.38,66.38,168.0
2026-06-12 17:55:00,66.7,66.74,46.0,6.7,66.74,66.74,8.0
2026-06-12 17:56:09,66.2,66.2,47.0,4.3,66.2,66.2,106.0
2026-06-12 17:57:19,67.1,67.1,47.0,5.1,67.1,67.1,146.0
2026-06-12 17:58:29,66.9,66.92,47.0,3.1,66.92,66.92,305.0
2026-06-12 17:59:39,66.6,66.56,47.0,3.7,66.56,66.56,175.0
2026-06-12 18:00:49,65.5,65.48,49.0,7.5,65.48,65.48,78.0
2026-06-12 18:01:58,65.7,65.66,50.0,1.5,65.66,65.66,196.0
2026-06-12 18:03:08,65.3,65.3,50.0,6.2,65.3,65.3,209.0
2026-06-12 18:04:17,65.7,65.66,51.0,1.9,65.66,65.66,91.0
2026-06-12 18:05:27,65.5,65.48,52.0,5.3,65.48,65.48,87.0
2026-06-12 18:06:35,65.5,65.48,53.0,3.7,65.48,65.48,265.0
2026-06-12 18:07:44,65.3,65.3,54.0,1.9,65.3,65.3,197.0
2026-06-12 18:08:54,64.9,64.94,54.0,12.2,64.94,64.94,307.0
2026-06-12 18:10:03,64.6,64.58,55.0,5.3,64.58,64.58,288.0
2026-06-12 18:11:13,64.6,64.58,55.0,6.1,64.58,64.58,110.0
2026-06-12 18:12:21,64.8,64.76,56.0,2.7,64.76,64.76,36.0
2026-06-12 18:13:30,64.4,64.4,57.0,4.9,64.4,64.4,317.0
2026-06-12 18:14:40,64.2,64.22,58.0,10.0,64.22,64.22,298.0
2026-06-12 18:15:49,63.5,63.5,60.0,8.7,63.5,63.5,306.0
2026-06-12 18:16:59,63.5,63.5,60.0,8.7,63.5,63.5,306.0
2026-06-12 18:18:08,63.1,63.14,62.0,9.1,63.14,63.14,308.0
2026-06-12 18:19:16,63.3,63.32,63.0,5.3,63.32,63.32,203.0
2026-06-12 18:20:26,63.5,63.5,64.0,2.7,63.5,63.5,326.0
2026-06-12 18:21:36,63.3,63.32,65.0,8.3,63.32,63.32,303.0
2026-06-12 18:22:45,63.0,62.96,65.0,5.1,62.96,62.96,245.0
2026-06-12 18:23:53,63.0,62.96,66.0,1.9,62.96,62.96,173.0
2026-06-12 18:25:03,62.4,62.42,67.0,6.7,62.42,62.42,26.0
2026-06-12 18:26:13,62.2,62.24,68.0,7.5,62.24,62.24,268.0
2026-06-12 18:27:23,62.2,62.24,69.0,5.1,62.24,62.24,50.0
2026-06-12 18:28:33,62.4,62.42,69.0,9.8,62.42,62.42,292.0
2026-06-12 18:29:42,62.2,62.24,70.0,7.7,62.24,62.24,212.0
2026-06-12 18:30:51,62.2,62.24,70.0,7.7,62.24,62.24,212.0
2026-06-12 18:32:00,62.2,62.24,71.0,7.5,62.24,62.24,337.0
2026-06-12 18:33:09,62.4,62.42,72.0,8.3,62.42,62.42,275.0
2026-06-12 18:34:19,62.1,62.06,72.0,3.1,62.06,62.06,269.0
2026-06-12 18:35:28,62.1,62.06,72.0,6.2,62.06,62.06,262.0
2026-06-12 18:36:38,61.9,61.88,72.0,9.5,61.88,61.88,321.0
2026-06-12 18:37:47,61.9,61.88,73.0,4.5,61.88,61.88,226.0
2026-06-12 18:38:57,61.7,61.7,73.0,5.7,61.7,61.7,135.0
2026-06-12 18:40:06,61.7,61.7,74.0,6.9,61.7,61.7,299.0
2026-06-12 18:41:17,61.9,61.88,74.0,4.1,61.88,61.88,147.0
2026-06-12 18:42:26,61.5,61.52,75.0,7.1,61.52,61.52,312.0
2026-06-12 18:43:35,61.3,61.34,75.0,3.5,61.34,61.34,346.0
2026-06-12 18:44:45,61.3,61.34,75.0,3.5,61.34,61.34,346.0
2026-06-12 18:45:54,61.3,61.34,75.0,4.9,61.34,61.34,254.0
2026-06-12 18:47:03,61.3,61.34,75.0,5.7,61.34,61.34,308.0
2026-06-12 18:48:13,61.5,61.52,76.0,6.9,61.52,61.52,321.0
2026-06-12 18:49:22,61.5,61.52,76.0,4.5,61.52,61.52,102.0
2026-06-12 18:50:32,61.2,61.16,76.0,4.9,61.16,61.16,207.0
2026-06-12 18:51:42,61.2,61.16,76.0,4.7,61.16,61.16,279.0
2026-06-12 18:52:51,61.0,60.98,77.0,5.1,60.98,60.98,104.0
2026-06-12 18:54:01,60.8,60.8,77.0,6.2,60.8,60.8,263.0
2026-06-12 18:55:10,60.8,60.8,77.0,3.1,60.8,60.8,318.0
2026-06-12 18:56:20,60.8,60.8,77.0,3.1,60.8,60.8,318.0
2026-06-12 18:57:29,60.8,60.8,78.0,5.9,60.8,60.8,158.0
2026-06-12 18:58:39,60.8,60.8,78.0,5.9,60.8,60.8,158.0
2026-06-12 18:59:49,61.0,60.98,78.0,8.7,60.98,60.98,352.0
2026-06-12 19:00:59,61.2,61.16,78.0,4.5,61.16,61.16,317.0
2026-06-12 19:02:09,61.2,61.16,79.0,6.7,61.16,61.16,143.0
2026-06-12 19:03:18,61.2,61.16,79.0,2.5,61.16,61.16,98.0
2026-06-12 19:04:28,61.3,61.34,79.0,3.3,61.34,61.34,91.0
2026-06-12 19:05:37,61.2,61.16,79.0,4.1,61.16,61.16,344.0
2026-06-12 19:06:47,61.2,61.16,79.0,4.1,61.16,61.16,344.0
2026-06-12 19:07:56,61.0,60.98,79.0,5.3,60.98,60.98,90.0
2026-06-12 19:09:05,61.0,60.98,79.0,5.3,60.98,60.98,90.0
2026-06-12 19:10:15,61.2,61.16,79.0,1.9,61.16,61.16,109.0
2026-06-12 19:11:24,61.7,61.7,79.0,1.3,61.7,61.7,272.0
2026-06-12 19:12:34,61.7,61.7,79.0,4.5,61.7,61.7,342.0
2026-06-12 19:13:43,61.5,61.52,79.0,2.1,61.52,61.52,224.0
2026-06-12 19:14:52,61.3,61.34,79.0,3.5,61.34,61.34,172.0
2026-06-12 19:16:01,61.0,60.98,79.0,3.5,60.98,60.98,49.0
2026-06-12 19:17:11,61.0,60.98,79.0,3.1,60.98,60.98,88.0
2026-06-12 19:18:20,61.2,61.16,79.0,6.1,61.16,61.16,81.0
2026-06-12 19:19:30,61.2,61.16,79.0,1.5,61.16,61.16,123.0
2026-06-12 19:20:39,61.2,61.16,79.0,1.5,61.16,61.16,123.0
2026-06-12 19:21:48,61.2,61.16,79.0,1.5,61.16,61.16,123.0
2026-06-12 19:22:57,61.2,61.16,79.0,1.5,61.16,61.16,199.0
2026-06-12 19:24:06,61.0,60.98,79.0,3.1,60.98,60.98,120.0
2026-06-12 19:25:16,61.0,60.98,79.0,3.1,60.98,60.98,120.0
2026-06-12 19:26:25,61.0,60.98,79.0,3.1,60.98,60.98,120.0
2026-06-12 19:27:34,61.0,60.98,79.0,2.5,60.98,60.98,250.0
2026-06-12 19:28:44,61.0,60.98,79.0,2.9,60.98,60.98,97.0
2026-06-12 19:29:54,61.2,61.16,79.0,1.5,61.16,61.16,125.0
2026-06-12 19:31:04,61.0,60.98,79.0,3.5,60.98,60.98,108.0
2026-06-12 19:32:14,61.2,61.16,79.0,5.1,61.16,61.16,349.0
2026-06-12 19:33:24,60.8,60.8,80.0,2.5,60.8,60.8,257.0
2026-06-12 19:34:33,60.4,60.44,80.0,5.3,60.44,60.44,141.0
2026-06-12 19:35:42,60.4,60.44,80.0,4.7,60.44,60.44,204.0
2026-06-12 19:36:54,60.4,60.44,80.0,4.5,60.44,60.44,237.0
2026-06-12 19:38:07,60.3,60.26,80.0,3.3,60.26,60.26,255.0
2026-06-12 19:39:17,60.3,60.26,80.0,3.3,60.26,60.26,255.0
2026-06-12 19:40:25,60.4,60.44,80.0,1.3,60.44,60.44,107.0
2026-06-12 19:41:34,60.6,60.62,81.0,4.9,60.62,60.62,297.0
2026-06-12 19:42:43,60.6,60.62,81.0,4.7,60.62,60.62,72.0
2026-06-12 19:43:52,60.4,60.44,81.0,2.9,60.44,60.44,97.0
2026-06-12 19:45:01,60.1,60.08,81.0,3.9,60.08,60.08,211.0
2026-06-12 19:46:10,59.9,59.9,81.0,1.5,59.9,59.9,111.0
2026-06-12 19:47:20,59.9,59.9,81.0,1.5,59.9,59.9,111.0
2026-06-12 19:48:28,60.1,60.08,81.0,1.7,60.08,60.08,116.0
2026-06-12 19:49:38,60.1,60.08,81.0,1.7,60.08,60.08,116.0
2026-06-12 19:50:47,60.3,60.26,81.0,1.1,60.26,60.26,164.0
2026-06-12 19:51:56,60.1,60.08,81.0,2.1,60.08,60.08,214.0
2026-06-12 19:53:05,59.9,59.9,81.0,3.5,59.9,59.9,102.0
2026-06-12 19:54:15,60.1,60.08,81.0,2.3,60.08,60.08,237.0
2026-06-12 19:55:24,60.1,60.08,81.0,1.1,60.08,60.08,203.0
2026-06-12 19:56:34,59.9,59.9,81.0,2.1,59.9,59.9,152.0
2026-06-12 19:57:43,59.9,59.9,81.0,4.7,59.9,59.9,138.0
2026-06-12 19:58:53,59.7,59.72,81.0,2.5,59.72,59.72,120.0
2026-06-12 20:00:02,59.7,59.72,81.0,1.1,59.72,59.72,117.0
2026-06-12 20:01:12,59.7,59.72,81.0,2.3,59.72,59.72,99.0
2026-06-12 20:02:21,59.9,59.9,82.0,6.6,59.9,59.9,87.0
2026-06-12 20:03:31,59.9,59.9,82.0,6.6,59.9,59.9,87.0
2026-06-12 20:04:41,59.9,59.9,82.0,0.0,59.9,59.9,178.0
2026-06-12 20:05:51,59.9,59.9,82.0,0.0,59.9,59.9,222.0
2026-06-12 20:07:01,59.7,59.72,82.0,1.9,59.72,59.72,235.0
2026-06-12 20:08:11,59.9,59.9,82.0,4.1,59.9,59.9,217.0
2026-06-12 20:09:21,59.9,59.9,82.0,2.5,59.9,59.9,156.0
2026-06-12 20:10:30,59.7,59.72,82.0,4.7,59.72,59.72,325.0
2026-06-12 20:11:40,59.5,59.54,83.0,4.5,59.54,59.54,259.0
2026-06-12 20:12:51,59.4,59.36,83.0,11.2,59.36,59.36,290.0
2026-06-12 20:14:00,59.2,59.18,83.0,4.3,59.18,59.18,312.0
2026-06-12 20:15:10,59.0,59.0,83.0,4.9,59.0,59.0,115.0
2026-06-12 20:16:19,59.0,59.0,83.0,3.1,59.0,59.0,23.0
2026-06-12 20:17:29,59.0,59.0,83.0,1.5,59.0,59.0,245.0
2026-06-12 20:18:38,59.2,59.18,83.0,2.5,59.18,59.18,127.0
2026-06-12 20:19:47,59.2,59.18,83.0,2.5,59.18,59.18,127.0
2026-06-12 20:20:55,59.2,59.18,83.0,2.5,59.18,59.18,127.0
2026-06-12 20:22:04,59.0,59.0,83.0,1.7,59.0,59.0,113.0
2026-06-12 20:23:13,58.8,58.82,84.0,4.3,58.82,58.82,92.0
2026-06-12 20:24:21,58.6,58.64,84.0,2.1,58.64,58.64,249.0
2026-06-12 20:25:30,58.6,58.64,84.0,2.1,58.64,58.64,249.0
2026-06-12 20:26:39,58.6,58.64,84.0,2.1,58.64,58.64,249.0
2026-06-12 20:27:48,58.6,58.64,84.0,2.1,58.64,58.64,249.0
2026-06-12 20:28:57,58.3,58.28,85.0,2.7,58.28,58.28,94.0
2026-06-12 20:30:06,57.9,57.92,85.0,0.0,57.92,57.92,112.0
2026-06-12 20:31:15,58.1,58.1,85.0,0.9,58.1,58.1,83.0
2026-06-12 20:32:24,58.1,58.1,85.0,1.3,58.1,58.1,102.0
2026-06-12 20:33:32,58.1,58.1,85.0,1.3,58.1,58.1,102.0
2026-06-12 20:34:40,58.1,58.1,85.0,1.3,58.1,58.1,2.0
2026-06-12 20:35:49,57.9,57.92,85.0,2.3,57.92,57.92,91.0
2026-06-12 20:36:58,58.1,58.1,85.0,1.1,58.1,58.1,123.0
2026-06-12 20:38:07,58.1,58.1,85.0,0.0,58.1,58.1,116.0
2026-06-12 20:39:16,58.1,58.1,85.0,2.9,58.1,58.1,110.0
2026-06-12 20:40:25,58.1,58.1,85.0,0.0,58.1,58.1,67.0
2026-06-12 20:41:34,58.1,58.1,85.0,0.0,58.1,58.1,351.0
2026-06-12 20:42:43,58.1,58.1,85.0,0.0,58.1,58.1,351.0
2026-06-12 20:43:52,58.1,58.1,85.0,1.9,58.1,58.1,189.0
2026-06-12 20:45:01,58.1,58.1,86.0,0.0,58.1,58.1,305.0
2026-06-12 20:46:10,58.1,58.1,86.0,3.5,58.1,58.1,299.0
2026-06-12 20:47:19,58.3,58.28,86.0,1.1,58.28,58.28,286.0
2026-06-12 20:48:28,58.1,58.1,86.0,0.0,58.1,58.1,102.0
2026-06-12 20:49:37,57.9,57.92,87.0,3.1,57.92,57.92,329.0
2026-06-12 20:50:46,57.9,57.92,87.0,2.5,57.92,57.92,224.0
2026-06-12 20:51:56,57.7,57.74,87.0,3.5,57.74,57.74,257.0
2026-06-12 20:53:31,57.9,57.92,87.0,2.3,57.92,57.92,275.0
2026-06-12 20:54:42,57.7,57.74,87.0,5.3,57.74,57.74,307.0
2026-06-12 20:55:52,57.7,57.74,87.0,3.5,57.74,57.74,105.0
2026-06-12 20:57:01,57.7,57.74,87.0,3.5,57.74,57.74,105.0
2026-06-12 20:58:10,57.7,57.74,88.0,0.0,57.74,57.74,103.0
2026-06-12 20:59:19,57.7,57.74,88.0,0.0,57.74,57.74,103.0
2026-06-12 21:00:28,57.6,57.56,87.0,1.5,57.56,57.56,344.0
2026-06-12 21:01:37,57.6,57.56,87.0,0.0,57.56,57.56,14.0
2026-06-12 21:02:47,57.6,57.56,87.0,0.0,57.56,57.56,14.0
2026-06-12 21:03:57,57.4,57.38,87.0,0.9,57.38,57.38,103.0
2026-06-12 21:05:07,57.2,57.2,87.0,0.0,57.2,57.2,95.0
2026-06-12 21:06:17,57.2,57.2,87.0,4.1,57.2,57.2,104.0
2026-06-12 21:07:26,57.4,57.38,88.0,1.5,57.38,57.38,203.0
2026-06-12 21:08:35,57.0,57.02,88.0,2.1,57.02,57.02,126.0
2026-06-12 21:09:45,57.0,57.02,88.0,0.9,57.02,57.02,108.0
2026-06-12 21:11:01,57.0,57.02,88.0,2.5,57.02,57.02,99.0
2026-06-12 21:12:10,57.2,57.2,88.0,1.5,57.2,57.2,97.0
2026-06-12 21:13:48,57.0,57.02,89.0,0.0,57.02,57.02,117.0
2026-06-12 21:30:30,56.3,56.3,91.0,1.7,56.3,56.3,119.0
2026-06-12 21:33:48,56.1,56.12,92.0,2.5,56.12,56.12,115.0
2026-06-12 21:34:57,56.1,56.12,92.0,2.5,56.12,56.12,115.0
2026-06-12 21:36:07,56.1,56.12,92.0,0.9,56.12,56.12,127.0
2026-06-12 21:37:15,56.5,56.48,92.0,0.0,56.48,56.48,276.0
2026-06-12 21:38:24,56.5,56.48,92.0,3.1,56.48,56.48,204.0
2026-06-12 21:39:32,56.1,56.12,92.0,0.0,56.12,56.12,167.0
2026-06-12 21:40:43,56.1,56.12,92.0,0.0,56.12,56.12,103.0
2026-06-12 21:41:52,56.1,56.12,91.0,0.0,56.12,56.12,99.0
2026-06-12 21:43:02,56.1,56.12,92.0,1.3,56.12,56.12,130.0
2026-06-12 21:44:11,56.1,56.12,91.0,0.0,56.12,56.12,31.0
2026-06-12 21:45:24,56.1,56.12,92.0,1.5,56.12,56.12,285.0
2026-06-12 21:53:31,55.9,55.94,92.0,0.0,55.94,55.94,98.0
2026-06-12 21:54:40,55.8,55.76,92.0,1.9,55.76,55.76,110.0
2026-06-12 21:55:51,55.8,55.76,92.0,1.9,55.76,55.76,110.0
2026-06-12 21:56:59,55.8,55.76,92.0,1.9,55.76,55.76,110.0
2026-06-12 21:58:10,55.8,55.76,92.0,2.3,55.76,55.76,117.0
2026-06-12 21:59:19,55.8,55.76,92.0,2.3,55.76,55.76,106.0
2026-06-12 22:00:28,55.8,55.76,92.0,0.0,55.76,55.76,95.0
2026-06-12 22:01:39,55.9,55.94,92.0,1.1,55.94,55.94,199.0
2026-06-12 22:02:48,55.9,55.94,92.0,1.1,55.94,55.94,199.0
2026-06-12 22:03:58,55.8,55.76,93.0,2.1,55.76,55.76,118.0
2026-06-12 22:05:07,55.8,55.76,93.0,3.1,55.76,55.76,117.0
2026-06-12 22:06:16,55.6,55.58,93.0,1.7,55.58,55.58,120.0
2026-06-12 22:07:26,55.6,55.58,93.0,1.7,55.58,55.58,120.0
2026-06-12 22:08:35,55.6,55.58,93.0,1.7,55.58,55.58,120.0
2026-06-12 22:09:44,55.6,55.58,93.0,2.3,55.58,55.58,121.0
2026-06-12 22:10:54,55.6,55.58,93.0,2.3,55.58,55.58,121.0
2026-06-12 22:12:03,55.6,55.58,93.0,2.3,55.58,55.58,121.0
2026-06-12 22:13:13,55.6,55.58,93.0,2.3,55.58,55.58,121.0
2026-06-12 22:14:22,55.4,55.4,93.0,0.0,55.4,55.4,109.0
2026-06-12 22:15:31,55.4,55.4,93.0,0.0,55.4,55.4,109.0
2026-06-12 22:16:41,55.4,55.4,93.0,0.0,55.4,55.4,109.0
2026-06-12 22:17:51,55.2,55.22,94.0,0.0,55.22,55.22,120.0
2026-06-12 22:19:00,55.2,55.22,94.0,1.7,55.22,55.22,118.0
2026-06-12 22:20:09,55.2,55.22,94.0,0.0,55.22,55.22,109.0
2026-06-12 22:21:19,55.2,55.22,94.0,0.0,55.22,55.22,109.0
2026-06-12 22:22:29,55.2,55.22,94.0,0.0,55.22,55.22,109.0
2026-06-12 22:23:38,55.2,55.22,94.0,1.3,55.22,55.22,138.0
2026-06-12 22:24:47,55.2,55.22,94.0,0.0,55.22,55.22,128.0
2026-06-12 22:25:57,55.2,55.22,94.0,0.0,55.22,55.22,128.0
2026-06-12 22:27:06,55.2,55.22,94.0,0.0,55.22,55.22,128.0
2026-06-12 22:28:16,55.2,55.22,94.0,0.0,55.22,55.22,119.0
2026-06-12 22:29:24,55.2,55.22,94.0,0.0,55.22,55.22,119.0
2026-06-12 22:30:35,55.2,55.22,94.0,0.0,55.22,55.22,119.0
2026-06-12 22:31:44,55.0,55.04,94.0,0.0,55.04,55.04,115.0
2026-06-12 22:32:53,55.0,55.04,94.0,0.0,55.04,55.04,115.0
2026-06-12 22:34:02,55.0,55.04,94.0,0.0,55.04,55.04,115.0
2026-06-12 22:35:11,55.0,55.04,94.0,0.0,55.04,55.04,115.0
2026-06-12 22:36:21,55.0,55.04,94.0,0.0,55.04,55.04,115.0
2026-06-12 22:37:30,55.2,55.22,94.0,0.0,55.22,55.22,109.0
2026-06-12 22:38:39,55.2,55.22,94.0,0.0,55.22,55.22,109.0
2026-06-12 22:39:48,55.2,55.22,94.0,0.0,55.22,55.22,109.0
2026-06-12 22:40:58,55.0,55.04,94.0,0.0,55.04,55.04,107.0
2026-06-12 22:42:08,55.0,55.04,94.0,0.0,55.04,55.04,107.0
2026-06-12 22:43:17,55.0,55.04,94.0,0.0,55.04,55.04,107.0
2026-06-12 22:44:27,55.0,55.04,95.0,0.0,55.04,55.04,114.0
2026-06-12 22:45:36,55.0,55.04,94.0,0.0,55.04,55.04,110.0
2026-06-12 22:46:46,55.0,55.04,95.0,0.0,55.04,55.04,118.0
2026-06-12 22:47:55,55.0,55.04,95.0,0.0,55.04,55.04,118.0
2026-06-12 22:49:05,55.0,55.04,95.0,0.0,55.04,55.04,118.0
2026-06-12 22:50:15,55.0,55.04,95.0,0.0,55.04,55.04,108.0
2026-06-12 22:51:23,55.0,55.04,95.0,0.0,55.04,55.04,108.0
2026-06-12 22:52:32,54.9,54.86,95.0,0.0,54.86,54.86,111.0
2026-06-12 22:53:41,54.9,54.86,95.0,0.0,54.86,54.86,111.0
2026-06-12 22:54:51,54.9,54.86,95.0,0.0,54.86,54.86,111.0
2026-06-12 22:56:00,54.9,54.86,94.0,0.0,54.86,54.86,111.0
2026-06-12 22:57:09,54.9,54.86,95.0,0.0,54.86,54.86,121.0
2026-06-12 22:58:19,54.7,54.68,94.0,0.0,54.68,54.68,116.0
2026-06-12 22:59:29,54.7,54.68,94.0,0.0,54.68,54.68,116.0
2026-06-12 23:00:40,54.7,54.68,94.0,0.0,54.68,54.68,116.0
2026-06-12 23:01:50,54.9,54.86,94.0,0.0,54.86,54.86,110.0
2026-06-12 23:03:00,54.9,54.86,94.0,0.0,54.86,54.86,110.0
2026-06-12 23:04:10,54.7,54.68,94.0,0.0,54.68,54.68,110.0
2026-06-12 23:05:21,54.7,54.68,94.0,0.0,54.68,54.68,110.0
2026-06-12 23:06:30,54.7,54.68,94.0,0.0,54.68,54.68,110.0
2026-06-12 23:08:08,54.7,54.68,94.0,0.0,54.68,54.68,110.0
2026-06-12 23:24:43,54.3,54.32,94.0,0.0,54.32,54.32,119.0
2026-06-12 23:41:38,54.3,54.32,96.0,0.0,54.32,54.32,117.0
2026-06-12 23:59:03,54.3,54.32,96.0,0.0,54.32,54.32,115.0
2026-06-13 00:16:30,54.0,53.96,96.0,0.9,53.96,53.96,125.0
2026-06-13 00:33:50,53.8,53.78,97.0,1.3,53.78,53.78,118.0
2026-06-13 00:35:00,53.8,53.78,97.0,0.0,53.78,53.78,116.0
2026-06-13 00:52:59,53.6,53.6,97.0,1.5,53.6,53.6,122.0
2026-06-13 00:54:08,53.6,53.6,97.0,1.5,53.6,53.6,140.0
2026-06-13 00:55:18,53.6,53.6,97.0,1.5,53.6,53.6,140.0
2026-06-13 00:56:28,53.6,53.6,96.0,1.5,53.6,53.6,133.0
2026-06-13 00:57:37,53.6,53.6,96.0,3.7,53.6,53.6,111.0
2026-06-13 00:58:47,53.6,53.6,97.0,1.1,53.6,53.6,92.0
2026-06-13 00:59:57,53.6,53.6,96.0,1.5,53.6,53.6,122.0
2026-06-13 01:01:06,53.6,53.6,96.0,1.5,53.6,53.6,122.0
2026-06-13 01:02:15,53.6,53.6,97.0,0.0,53.6,53.6,132.0
2026-06-13 01:03:24,53.6,53.6,97.0,0.0,53.6,53.6,132.0
2026-06-13 01:04:32,53.4,53.42,97.0,1.3,53.42,53.42,128.0
2026-06-13 01:05:42,53.4,53.42,97.0,1.3,53.42,53.42,131.0
2026-06-13 01:06:52,53.4,53.42,97.0,2.5,53.42,53.42,163.0
2026-06-13 01:08:00,53.4,53.42,97.0,2.5,53.42,53.42,163.0
2026-06-13 01:09:10,53.6,53.6,97.0,1.1,53.6,53.6,106.0
2026-06-13 01:10:19,53.6,53.6,97.0,1.1,53.6,53.6,106.0
2026-06-13 01:11:30,53.6,53.6,97.0,0.0,53.6,53.6,128.0
2026-06-13 01:12:44,53.6,53.6,97.0,1.7,53.6,53.6,164.0
2026-06-13 01:13:54,53.4,53.42,97.0,0.0,53.42,53.42,102.0
2026-06-13 01:15:04,53.4,53.42,97.0,2.3,53.42,53.42,122.0
2026-06-13 01:16:14,53.4,53.42,99.0,0.9,53.42,53.42,103.0
2026-06-13 01:17:23,53.4,53.42,97.0,0.0,53.42,53.42,100.0
2026-06-13 01:18:33,53.4,53.42,97.0,2.5,53.42,53.42,121.0
2026-06-13 01:19:42,53.2,53.24,97.0,0.0,53.24,53.24,118.0
2026-06-13 01:20:51,53.1,53.06,97.0,0.0,53.06,53.06,119.0
2026-06-13 01:22:01,53.2,53.24,99.0,1.5,53.24,53.24,97.0
2026-06-13 01:23:11,53.1,53.06,97.0,0.0,53.06,53.06,119.0
2026-06-13 01:24:21,53.1,53.06,97.0,0.0,53.06,53.06,119.0
2026-06-13 01:25:31,53.1,53.06,97.0,0.0,53.06,53.06,119.0
2026-06-13 01:26:41,53.2,53.24,99.0,0.0,53.24,53.24,169.0
2026-06-13 01:27:50,53.1,53.06,97.0,0.0,53.06,53.06,113.0
2026-06-13 01:28:59,53.1,53.06,97.0,0.0,53.06,53.06,102.0
2026-06-13 01:30:08,53.1,53.06,97.0,0.0,53.06,53.06,102.0
2026-06-13 01:31:18,52.9,52.88,97.0,0.0,52.88,52.88,109.0
2026-06-13 01:32:29,52.9,52.88,99.0,0.0,52.88,52.88,109.0
2026-06-13 01:33:38,52.7,52.7,99.0,0.0,52.7,52.7,109.0
2026-06-13 01:34:48,52.7,52.7,99.0,0.0,52.7,52.7,109.0
2026-06-13 01:35:57,52.9,52.88,99.0,0.0,52.88,52.88,111.0
2026-06-13 01:37:07,52.7,52.7,99.0,0.0,52.7,52.7,110.0
2026-06-13 01:38:15,52.5,52.52,99.0,0.0,52.52,52.52,109.0
2026-06-13 01:39:24,52.5,52.52,97.0,0.0,52.52,52.52,110.0
2026-06-13 01:40:33,52.7,52.7,97.0,0.0,52.7,52.7,113.0
2026-06-13 01:41:43,52.5,52.52,99.0,0.0,52.52,52.52,111.0
2026-06-13 01:42:53,52.5,52.52,99.0,0.0,52.52,52.52,112.0
2026-06-13 01:44:02,52.5,52.52,97.0,0.0,52.52,52.52,109.0
2026-06-13 01:45:13,52.5,52.52,97.0,0.0,52.52,52.52,109.0
2026-06-13 01:46:23,52.5,52.52,97.0,0.0,52.52,52.52,110.0
2026-06-13 01:47:32,52.5,52.52,97.0,0.0,52.52,52.52,110.0
2026-06-13 01:48:41,52.5,52.52,99.0,0.0,52.52,52.52,107.0
2026-06-13 01:49:50,52.3,52.34,99.0,0.0,52.34,52.34,111.0
2026-06-13 01:51:00,52.3,52.34,97.0,0.0,52.34,52.34,106.0
2026-06-13 01:52:10,52.3,52.34,97.0,0.0,52.34,52.34,106.0
2026-06-13 01:53:20,52.5,52.52,99.0,0.0,52.52,52.52,107.0
2026-06-13 02:04:02,52.3,52.34,99.0,0.0,52.34,52.34,111.0
2026-06-13 02:05:11,52.3,52.34,99.0,0.0,52.34,52.34,111.0
2026-06-13 02:06:20,52.7,52.7,99.0,0.0,52.7,52.7,111.0
2026-06-13 02:07:30,52.7,52.7,99.0,0.0,52.7,52.7,111.0
2026-06-13 02:08:40,52.9,52.88,99.0,0.0,52.88,52.88,111.0
2026-06-13 02:09:52,52.9,52.88,99.0,0.0,52.88,52.88,111.0
2026-06-13 02:11:05,52.9,52.88,99.0,0.0,52.88,52.88,111.0
2026-06-13 02:12:18,53.2,53.24,99.0,0.0,53.24,53.24,116.0
2026-06-13 02:13:31,53.4,53.42,99.0,0.9,53.42,53.42,119.0
2026-06-13 02:14:44,53.4,53.42,99.0,0.9,53.42,53.42,119.0
2026-06-13 02:15:57,53.4,53.42,99.0,0.9,53.42,53.42,119.0
2026-06-13 02:17:09,53.8,53.78,99.0,0.0,53.78,53.78,262.0
2026-06-13 02:18:22,53.8,53.78,99.0,0.0,53.78,53.78,262.0
2026-06-13 02:19:35,53.8,53.78,99.0,2.1,53.78,53.78,112.0
2026-06-13 02:20:49,54.0,53.96,99.0,0.0,53.96,53.96,106.0
2026-06-13 02:22:02,54.0,53.96,99.0,0.0,53.96,53.96,106.0
2026-06-13 02:23:14,54.0,53.96,99.0,3.1,53.96,53.96,106.0
2026-06-13 02:24:27,53.8,53.78,99.0,1.1,53.78,53.78,115.0
2026-06-13 02:25:36,54.1,54.14,99.0,2.3,54.14,54.14,278.0
2026-06-13 02:42:12,54.3,54.32,97.0,0.7,54.32,54.32,281.0
2026-06-13 02:58:26,54.5,54.5,97.0,1.1,54.5,54.5,310.0
2026-06-13 02:59:35,54.7,54.68,96.0,0.0,54.68,54.68,195.0
2026-06-13 03:04:54,54.5,54.5,96.0,0.9,54.5,54.5,278.0
2026-06-13 03:06:04,54.7,54.68,96.0,3.5,54.68,54.68,126.0
2026-06-13 03:07:14,54.9,54.86,96.0,0.0,54.86,54.86,113.0
2026-06-13 03:08:24,54.9,54.86,96.0,0.0,54.86,54.86,113.0
2026-06-13 03:24:32,54.9,54.86,95.0,0.0,54.86,54.86,350.0
2026-06-13 03:28:48,54.9,54.86,95.0,0.0,54.86,54.86,131.0
2026-06-13 03:29:57,54.9,54.86,95.0,0.0,54.86,54.86,131.0
2026-06-13 03:31:08,54.7,54.68,95.0,2.3,54.68,54.68,288.0
2026-06-13 03:32:17,54.7,54.68,95.0,2.7,54.68,54.68,114.0
2026-06-13 03:33:26,54.7,54.68,95.0,0.0,54.68,54.68,250.0
2026-06-13 03:34:35,54.7,54.68,94.0,0.0,54.68,54.68,160.0
2026-06-13 03:35:45,54.7,54.68,94.0,0.0,54.68,54.68,160.0
2026-06-13 03:36:54,54.7,54.68,94.0,0.0,54.68,54.68,160.0
2026-06-13 03:38:04,54.5,54.5,94.0,0.0,54.5,54.5,106.0
2026-06-13 03:39:13,54.5,54.5,94.0,1.7,54.5,54.5,216.0
2026-06-13 03:40:22,54.5,54.5,94.0,0.0,54.5,54.5,253.0
2026-06-13 03:59:10,54.0,53.96,93.0,2.3,53.96,53.96,132.0
2026-06-13 04:05:56,54.1,54.14,93.0,0.9,54.14,54.14,159.0
2026-06-13 04:07:06,54.1,54.14,93.0,0.0,54.14,54.14,161.0
2026-06-13 04:08:16,54.1,54.14,93.0,1.1,54.14,54.14,117.0
2026-06-13 04:09:25,54.1,54.14,93.0,0.7,54.14,54.14,104.0
2026-06-13 04:26:15,54.3,54.32,93.0,1.3,54.32,54.32,243.0
2026-06-13 04:27:25,54.5,54.5,93.0,0.0,54.5,54.5,254.0
2026-06-13 04:28:35,54.5,54.5,93.0,0.0,54.5,54.5,254.0
2026-06-13 04:45:34,54.1,54.14,93.0,0.0,54.14,54.14,159.0
2026-06-13 04:46:43,54.1,54.14,93.0,0.0,54.14,54.14,159.0
2026-06-13 04:47:51,54.3,54.32,93.0,0.0,54.32,54.32,110.0
2026-06-13 04:50:31,54.3,54.32,93.0,0.0,54.32,54.32,110.0
2026-06-13 04:51:39,54.5,54.5,93.0,0.0,54.5,54.5,101.0
2026-06-13 04:52:49,54.5,54.5,93.0,0.0,54.5,54.5,101.0
2026-06-13 04:53:59,54.5,54.5,93.0,0.0,54.5,54.5,101.0
2026-06-13 05:07:21,54.3,54.32,93.0,0.0,54.32,54.32,108.0
2026-06-13 05:08:31,54.1,54.14,93.0,1.5,54.14,54.14,80.0
2026-06-13 05:09:40,54.1,54.14,93.0,0.9,54.14,54.14,101.0
2026-06-13 05:10:49,54.1,54.14,93.0,0.9,54.14,54.14,101.0
2026-06-13 05:14:55,54.3,54.32,93.0,1.3,54.32,54.32,252.0
2026-06-13 05:16:04,54.3,54.32,93.0,1.3,54.32,54.32,112.0
2026-06-13 05:17:14,54.1,54.14,93.0,0.9,54.14,54.14,124.0
2026-06-13 05:18:24,54.1,54.14,93.0,0.0,54.14,54.14,130.0
2026-06-13 05:19:34,54.1,54.14,93.0,0.0,54.14,54.14,130.0
2026-06-13 05:20:44,54.3,54.32,93.0,1.7,54.32,54.32,245.0
2026-06-13 05:21:53,54.3,54.32,93.0,0.0,54.32,54.32,279.0
2026-06-13 05:23:04,54.3,54.32,93.0,0.0,54.32,54.32,100.0
2026-06-13 05:24:13,54.3,54.32,93.0,1.9,54.32,54.32,112.0
2026-06-13 05:25:22,54.3,54.32,93.0,1.9,54.32,54.32,112.0
2026-06-13 05:26:32,54.1,54.14,93.0,3.7,54.14,54.14,81.0
2026-06-13 06:04:51,53.8,53.78,94.0,0.0,53.78,53.78,127.0
2026-06-13 06:06:01,54.0,53.96,94.0,0.0,53.96,53.96,103.0
2026-06-13 06:23:24,54.3,54.32,94.0,1.3,54.32,54.32,200.0
2026-06-13 06:24:34,54.3,54.32,94.0,1.3,54.32,54.32,200.0
2026-06-13 06:25:43,54.1,54.14,94.0,2.7,54.14,54.14,135.0
2026-06-13 06:26:52,54.1,54.14,94.0,0.9,54.14,54.14,125.0
2026-06-13 06:28:02,54.1,54.14,94.0,2.5,54.14,54.14,259.0
2026-06-13 06:29:11,54.1,54.14,94.0,2.5,54.14,54.14,259.0
2026-06-13 06:30:20,54.1,54.14,94.0,2.5,54.14,54.14,259.0
2026-06-13 06:31:30,54.1,54.14,94.0,2.5,54.14,54.14,259.0
2026-06-13 06:50:18,54.3,54.32,93.0,0.0,54.32,54.32,104.0
2026-06-13 06:51:28,54.3,54.32,93.0,0.0,54.32,54.32,104.0
2026-06-13 06:52:38,54.5,54.5,93.0,0.9,54.5,54.5,141.0
2026-06-13 07:07:26,54.9,54.86,93.0,0.0,54.86,54.86,102.0
2026-06-13 07:08:37,54.9,54.86,93.0,0.0,54.86,54.86,102.0
2026-06-13 07:09:47,54.9,54.86,93.0,0.0,54.86,54.86,102.0
2026-06-13 07:10:56,54.9,54.86,93.0,0.0,54.86,54.86,102.0
2026-06-13 07:27:07,56.5,56.48,92.0,0.0,56.48,56.48,96.0
2026-06-13 07:28:17,56.5,56.48,92.0,0.0,56.48,56.48,96.0
2026-06-13 07:29:27,56.5,56.48,92.0,0.0,56.48,56.48,96.0
2026-06-13 07:30:37,57.0,57.02,92.0,0.0,57.02,57.02,108.0
2026-06-13 07:31:48,57.0,57.02,92.0,0.0,57.02,57.02,108.0
2026-06-13 07:32:58,57.0,57.02,92.0,0.0,57.02,57.02,108.0
2026-06-13 07:34:07,57.2,57.2,92.0,0.0,57.2,57.2,230.0
2026-06-13 07:35:16,57.2,57.2,92.0,0.0,57.2,57.2,230.0
2026-06-13 07:53:29,58.3,58.28,90.0,0.0,58.28,58.28,260.0
2026-06-13 07:54:40,58.3,58.28,89.0,1.5,58.28,58.28,290.0
2026-06-13 07:55:49,58.3,58.28,89.0,1.5,58.28,58.28,290.0
2026-06-13 07:56:58,58.3,58.28,89.0,1.5,58.28,58.28,290.0
2026-06-13 07:58:08,58.6,58.64,89.0,0.0,58.64,58.64,282.0
2026-06-13 07:59:17,58.6,58.64,89.0,0.0,58.64,58.64,282.0
2026-06-13 08:00:27,58.6,58.64,89.0,0.0,58.64,58.64,282.0
2026-06-13 08:01:37,58.8,58.82,88.0,0.0,58.82,58.82,260.0
2026-06-13 08:02:46,58.6,58.64,88.0,1.3,58.64,58.64,267.0
2026-06-13 08:09:24,59.0,59.0,87.0,0.0,59.0,59.0,97.0
2026-06-13 08:10:33,58.8,58.82,87.0,0.0,58.82,58.82,99.0
2026-06-13 08:11:43,59.0,59.0,86.0,0.0,59.0,59.0,268.0
2026-06-13 08:12:52,59.0,59.0,86.0,0.0,59.0,59.0,268.0
2026-06-13 08:14:24,59.0,59.0,86.0,0.0,59.0,59.0,268.0
2026-06-13 08:15:34,59.2,59.18,86.0,0.0,59.18,59.18,255.0
2026-06-13 08:16:43,59.2,59.18,86.0,0.0,59.18,59.18,255.0
2026-06-13 08:34:16,61.3,61.34,82.0,0.0,61.34,61.34,256.0
2026-06-13 08:35:26,61.3,61.34,82.0,0.0,61.34,61.34,256.0
2026-06-13 08:36:35,61.3,61.34,82.0,0.0,61.34,61.34,256.0
2026-06-13 08:37:45,61.9,61.88,82.0,1.1,61.88,61.88,268.0
2026-06-13 08:55:13,64.9,64.94,77.0,1.7,64.94,64.94,300.0
2026-06-13 08:56:23,65.1,65.12,76.0,1.5,65.12,65.12,258.0
2026-06-13 08:57:32,65.1,65.12,76.0,1.5,65.12,65.12,258.0
2026-06-13 08:58:42,65.7,65.66,75.0,1.7,65.66,65.66,85.0
2026-06-13 08:59:52,67.8,67.82,74.0,0.0,67.82,67.82,278.0
2026-06-13 09:01:02,67.3,67.28,72.0,1.3,67.28,67.28,117.0
2026-06-13 09:02:12,68.4,68.36,71.0,0.0,68.36,68.36,341.0
2026-06-13 09:03:21,68.7,68.72,69.0,3.9,68.72,68.72,268.0
2026-06-13 09:04:31,69.3,69.26,69.0,1.1,69.26,69.26,338.0
2026-06-13 09:05:40,69.3,69.26,69.0,1.1,69.26,69.26,338.0
2026-06-13 09:06:50,69.1,69.08,67.0,2.5,69.08,69.08,135.0
2026-06-13 09:08:00,68.7,68.72,65.0,2.9,68.72,68.72,109.0
2026-06-13 09:09:11,68.7,68.72,65.0,2.7,68.72,68.72,324.0
2026-06-13 09:10:22,68.7,68.72,64.0,2.9,68.72,68.72,106.0
2026-06-13 09:11:31,68.7,68.72,64.0,3.7,68.72,68.72,49.0
2026-06-13 09:12:41,69.3,69.26,62.0,2.9,69.26,69.26,270.0
2026-06-13 09:13:51,70.9,70.88,63.0,0.0,70.88,70.88,264.0
2026-06-13 09:15:00,71.6,71.6,62.0,2.1,71.6,71.6,348.0
2026-06-13 09:16:11,71.4,71.42,62.0,2.1,71.42,71.42,92.0
2026-06-13 09:17:21,71.8,71.78,61.0,0.0,71.78,71.78,248.0
2026-06-13 09:18:32,71.6,71.6,61.0,0.9,71.6,71.6,276.0
2026-06-13 09:19:42,70.9,70.88,59.0,1.3,70.88,70.88,235.0
2026-06-13 09:20:52,71.4,71.42,59.0,2.3,71.42,71.42,279.0
2026-06-13 09:22:02,72.1,72.14,60.0,0.0,72.14,72.14,149.0
2026-06-13 09:23:15,72.0,71.96,59.0,1.1,71.96,71.96,167.0
2026-06-13 09:24:25,71.8,71.78,57.0,0.0,71.78,71.78,122.0
2026-06-13 09:25:35,72.0,71.96,56.0,2.5,71.96,71.96,254.0
2026-06-13 09:26:44,72.0,71.96,56.0,2.5,71.96,71.96,254.0
2026-06-13 09:27:55,72.3,72.32,55.0,1.5,72.32,72.32,102.0
2026-06-13 09:29:05,72.5,72.5,55.0,3.9,72.5,72.5,303.0
2026-06-13 09:30:15,71.2,71.24,54.0,3.3,71.24,71.24,321.0
2026-06-13 09:31:25,71.8,71.78,55.0,1.7,71.78,71.78,88.0
2026-06-13 09:32:36,72.1,72.14,54.0,4.1,72.14,72.14,351.0
2026-06-13 09:33:46,72.3,72.32,55.0,2.1,72.32,72.32,123.0
2026-06-13 09:34:56,73.0,73.04,55.0,0.0,73.04,73.04,91.0
2026-06-13 09:36:05,73.0,73.04,55.0,0.0,73.04,73.04,91.0
2026-06-13 09:37:16,74.1,74.12,54.0,0.0,74.12,74.12,260.0
2026-06-13 09:38:25,73.8,73.76,53.0,1.3,73.76,73.76,271.0
2026-06-13 09:39:34,73.6,73.58,52.0,2.5,73.58,73.58,285.0
2026-06-13 09:40:44,73.9,73.94,51.0,1.7,73.94,73.94,25.0
2026-06-13 09:41:53,74.3,74.3,52.0,1.1,74.3,74.3,251.0
2026-06-13 09:43:03,74.1,74.12,51.0,2.3,74.12,74.12,211.0
2026-06-13 09:44:13,74.5,74.48,52.0,0.0,74.48,74.48,119.0
2026-06-13 09:45:22,75.0,75.02,52.0,0.9,75.02,75.02,94.0
2026-06-13 09:46:33,75.4,75.38,51.0,1.9,75.38,75.38,283.0
2026-06-13 09:47:42,75.0,75.02,52.0,0.0,75.02,75.02,8.0
2026-06-13 09:48:51,75.7,75.74,51.0,0.0,75.74,75.74,67.0
2026-06-13 09:50:00,75.9,75.92,49.0,0.9,75.92,75.92,299.0
2026-06-13 09:51:10,75.6,75.56,49.0,1.7,75.56,75.56,256.0
2026-06-13 09:52:20,75.0,75.02,49.0,1.5,75.02,75.02,129.0
2026-06-13 09:53:30,73.0,73.04,48.0,4.9,73.04,73.04,209.0
2026-06-13 09:54:39,73.0,73.04,49.0,4.3,73.04,73.04,94.0
2026-06-13 09:55:48,73.9,73.94,49.0,0.0,73.94,73.94,293.0
2026-06-13 09:56:57,73.8,73.76,47.0,1.7,73.76,73.76,267.0
2026-06-13 09:58:06,73.2,73.22,48.0,3.3,73.22,73.22,230.0
2026-06-13 09:59:16,74.5,74.48,49.0,1.1,74.48,74.48,122.0
2026-06-13 10:00:26,75.6,75.56,48.0,1.9,75.56,75.56,282.0
2026-06-13 10:01:36,74.7,74.66,48.0,2.7,74.66,74.66,109.0
2026-06-13 10:02:46,75.6,75.56,48.0,2.5,75.56,75.56,295.0
2026-06-13 10:03:55,75.4,75.38,47.0,2.7,75.38,75.38,251.0
2026-06-13 10:05:04,75.9,75.92,48.0,0.9,75.92,75.92,96.0
2026-06-13 10:22:48,77.7,77.72,44.0,0.0,77.72,77.72,249.0
2026-06-13 10:39:21,75.6,75.56,43.0,4.5,75.56,75.56,113.0
2026-06-13 10:40:32,76.5,76.46,43.0,2.5,76.46,76.46,242.0
2026-06-13 10:41:42,76.6,76.64,43.0,1.1,76.64,76.64,180.0
2026-06-13 10:42:52,76.8,76.82,43.0,4.5,76.82,76.82,65.0
2026-06-13 10:44:01,76.8,76.82,43.0,1.3,76.82,76.82,102.0
2026-06-13 11:01:41,78.8,78.8,41.0,4.3,78.8,78.8,291.0
2026-06-13 11:02:51,78.3,78.26,41.0,3.5,78.26,78.26,298.0
2026-06-13 11:04:00,78.8,78.8,41.0,2.5,78.8,78.8,166.0
2026-06-13 11:20:13,80.1,79.89,39.0,2.3,80.06,79.89,249.0
2026-06-13 11:21:23,80.2,80.1,40.0,2.3,80.24,80.1,250.0
2026-06-13 11:22:33,79.9,79.88,40.0,0.0,79.88,79.88,83.0
2026-06-13 11:39:42,78.3,78.26,41.0,2.3,78.26,78.26,105.0
2026-06-13 11:40:52,78.4,78.44,41.0,3.1,78.44,78.44,341.0
2026-06-13 11:42:01,78.6,78.62,41.0,2.3,78.62,78.62,95.0
2026-06-13 11:43:11,78.6,78.62,41.0,1.9,78.62,78.62,115.0
2026-06-13 11:44:21,79.0,78.98,40.0,1.1,78.98,78.98,216.0
2026-06-13 11:45:31,79.5,79.52,40.0,4.5,79.52,79.52,279.0
2026-06-13 11:46:41,79.2,79.16,40.0,3.1,79.16,79.16,241.0
2026-06-13 11:47:50,78.3,78.26,41.0,3.5,78.26,78.26,103.0
2026-06-13 11:49:00,78.6,78.62,41.0,0.0,78.62,78.62,78.0
2026-06-13 11:50:10,79.5,79.52,40.0,2.1,79.52,79.52,200.0
2026-06-13 11:51:21,80.2,80.18,41.0,2.7,80.24,80.18,16.0
2026-06-13 11:52:30,79.9,79.88,40.0,2.3,79.88,79.88,126.0
2026-06-13 11:53:40,80.2,80.1,40.0,1.5,80.24,80.1,72.0
2026-06-13 11:54:50,79.3,79.34,40.0,1.1,79.34,79.34,139.0
2026-06-13 11:56:00,79.3,79.34,40.0,1.3,79.34,79.34,110.0
2026-06-13 11:57:10,80.2,80.1,40.0,1.3,80.24,80.1,290.0
2026-06-13 11:58:19,80.2,80.1,40.0,1.3,80.24,80.1,290.0
2026-06-13 11:59:29,79.9,79.88,40.0,0.9,79.88,79.88,302.0
2026-06-13 12:00:39,79.9,79.88,40.0,2.9,79.88,79.88,268.0
2026-06-13 12:01:48,79.9,79.88,40.0,2.9,79.88,79.88,268.0
2026-06-13 12:02:58,80.4,80.22,40.0,1.3,80.42,80.22,115.0
2026-06-13 12:04:08,80.4,80.22,40.0,1.3,80.42,80.22,115.0
2026-06-13 12:05:17,80.4,80.22,40.0,1.9,80.42,80.22,287.0
2026-06-13 12:06:27,80.4,80.22,40.0,1.9,80.42,80.22,287.0
2026-06-13 12:07:36,79.9,79.88,40.0,5.9,79.88,79.88,114.0
2026-06-13 12:08:46,79.7,79.7,40.0,3.3,79.7,79.7,100.0
2026-06-13 12:09:55,80.4,80.22,40.0,1.1,80.42,80.22,276.0
2026-06-13 12:11:04,80.6,80.26,39.0,3.1,80.6,80.26,244.0
2026-06-13 12:12:14,80.6,80.26,39.0,3.1,80.6,80.26,244.0
2026-06-13 12:13:24,80.6,80.26,39.0,1.5,80.6,80.26,114.0
2026-06-13 12:14:33,79.9,79.88,39.0,1.1,79.88,79.88,109.0
2026-06-13 12:15:43,79.7,79.7,39.0,4.3,79.7,79.7,245.0
2026-06-13 12:16:52,79.5,79.52,39.0,1.5,79.52,79.52,301.0
2026-06-13 12:18:02,80.2,80.01,39.0,2.1,80.24,80.01,212.0
2026-06-13 12:19:12,80.1,79.89,39.0,4.5,80.06,79.89,313.0
2026-06-13 12:20:21,80.1,79.89,39.0,4.5,80.06,79.89,313.0
2026-06-13 12:21:31,79.3,79.34,39.0,1.1,79.34,79.34,168.0
2026-06-13 12:22:40,79.0,78.98,39.0,2.5,78.98,78.98,113.0
2026-06-13 12:23:50,79.0,78.98,39.0,2.5,78.98,78.98,113.0
2026-06-13 12:25:00,78.3,78.26,39.0,5.1,78.26,78.26,61.0
2026-06-13 12:26:10,78.4,78.44,39.0,3.7,78.44,78.44,338.0
2026-06-13 12:27:19,78.6,78.62,40.0,1.3,78.62,78.62,88.0
2026-06-13 12:28:29,78.1,78.08,40.0,3.7,78.08,78.08,263.0
2026-06-13 12:29:39,78.8,78.8,40.0,3.9,78.8,78.8,321.0
2026-06-13 12:30:48,78.8,78.8,40.0,1.3,78.8,78.8,102.0
2026-06-13 12:31:59,79.2,79.16,40.0,2.5,79.16,79.16,260.0
2026-06-13 12:49:49,76.1,76.1,42.0,3.7,76.1,76.1,167.0
2026-06-13 12:50:59,76.3,76.28,42.0,3.1,76.28,76.28,48.0
2026-06-13 13:07:36,74.8,74.84,43.0,4.7,74.84,74.84,320.0
2026-06-13 13:08:45,74.5,74.48,43.0,5.1,74.48,74.48,65.0
2026-06-13 13:09:55,74.5,74.48,43.0,5.1,74.48,74.48,146.0
2026-06-13 13:11:05,73.9,73.94,43.0,4.9,73.94,73.94,356.0
2026-06-13 13:28:26,74.5,74.48,45.0,1.7,74.48,74.48,140.0
2026-06-13 13:29:35,75.7,75.74,44.0,0.9,75.74,75.74,9.0
2026-06-13 13:30:45,75.7,75.74,43.0,5.7,75.74,75.74,165.0
2026-06-13 14:09:39,72.5,72.5,47.0,4.1,72.5,72.5,77.0
2026-06-13 14:10:48,73.6,73.58,47.0,2.3,73.58,73.58,186.0
2026-06-13 14:26:48,73.2,73.22,46.0,5.3,73.22,73.22,133.0
2026-06-13 14:27:58,72.5,72.5,46.0,5.1,72.5,72.5,140.0
2026-06-13 14:29:08,72.5,72.5,46.0,5.1,72.5,72.5,140.0
2026-06-13 14:30:18,72.9,72.86,46.0,4.9,72.86,72.86,174.0
2026-06-13 14:31:27,72.5,72.5,46.0,3.3,72.5,72.5,280.0
2026-06-13 14:32:36,72.3,72.32,46.0,4.1,72.32,72.32,272.0
2026-06-13 14:33:46,72.5,72.5,46.0,4.5,72.5,72.5,200.0
2026-06-13 14:49:56,72.5,72.5,47.0,8.5,72.5,72.5,210.0
2026-06-13 14:51:31,73.0,73.04,47.0,4.7,73.04,73.04,280.0
2026-06-13 15:08:52,73.6,73.58,45.0,2.5,73.58,73.58,150.0
2026-06-13 15:10:02,73.8,73.76,45.0,3.3,73.76,73.76,56.0
2026-06-13 15:11:11,73.8,73.76,45.0,3.3,73.76,73.76,56.0
2026-06-13 15:12:20,73.8,73.76,45.0,5.9,73.76,73.76,265.0
2026-06-13 15:13:30,73.8,73.76,45.0,5.9,73.76,73.76,265.0
2026-06-13 15:14:39,72.7,72.68,45.0,8.7,72.68,72.68,75.0
2026-06-13 15:15:48,73.0,73.04,45.0,4.5,73.04,73.04,292.0
2026-06-13 15:28:39,71.2,71.24,46.0,10.0,71.24,71.24,173.0
2026-06-13 15:29:49,71.2,71.24,47.0,8.3,71.24,71.24,129.0
2026-06-13 15:30:58,71.6,71.6,46.0,5.5,71.6,71.6,128.0
2026-06-13 15:32:08,71.6,71.6,46.0,5.5,71.6,71.6,128.0
2026-06-13 15:33:18,72.7,72.68,47.0,3.7,72.68,72.68,299.0
2026-06-13 15:34:27,73.2,73.22,47.0,4.3,73.22,73.22,327.0
2026-06-13 15:50:46,73.2,73.22,46.0,7.1,73.22,73.22,157.0
2026-06-13 16:09:51,74.1,74.12,44.0,8.3,74.12,74.12,101.0
2026-06-13 16:11:00,74.3,74.3,44.0,7.3,74.3,74.3,182.0
2026-06-13 16:12:09,72.9,72.86,43.0,7.7,72.86,72.86,316.0
2026-06-13 16:13:18,73.2,73.22,44.0,9.3,73.22,73.22,243.0
2026-06-13 16:14:28,73.4,73.4,44.0,3.3,73.4,73.4,11.0
2026-06-13 16:15:38,73.2,73.22,44.0,4.3,73.22,73.22,295.0
2026-06-13 16:28:53,71.8,71.78,44.0,5.1,71.78,71.78,292.0
2026-06-13 16:30:02,71.8,71.78,44.0,5.1,71.78,71.78,292.0
2026-06-13 16:31:11,70.5,70.52,45.0,5.5,70.52,70.52,300.0
2026-06-13 16:47:36,69.8,69.8,46.0,3.9,69.8,69.8,122.0
2026-06-13 17:03:46,68.0,68.0,47.0,7.9,68.0,68.0,261.0
2026-06-13 17:04:56,67.8,67.82,48.0,3.5,67.82,67.82,145.0
2026-06-13 17:06:06,68.0,68.0,49.0,9.1,68.0,68.0,317.0
2026-06-13 17:07:15,67.6,67.64,49.0,7.9,67.64,67.64,127.0
2026-06-13 17:24:47,69.4,69.44,48.0,4.5,69.44,69.44,138.0
2026-06-13 17:25:57,69.4,69.44,48.0,3.1,69.44,69.44,97.0
2026-06-13 17:27:06,69.1,69.08,47.0,6.4,69.08,69.08,85.0
2026-06-13 17:28:16,69.3,69.26,48.0,3.9,69.26,69.26,323.0
2026-06-13 17:29:25,69.3,69.26,47.0,5.1,69.26,69.26,84.0
2026-06-13 17:30:34,68.5,68.54,47.0,7.1,68.54,68.54,314.0
2026-06-13 17:31:44,68.4,68.36,48.0,3.7,68.36,68.36,122.0
2026-06-13 17:49:56,68.7,68.72,48.0,3.9,68.72,68.72,330.0
2026-06-13 17:51:06,68.2,68.18,48.0,5.7,68.18,68.18,314.0
2026-06-13 17:52:16,68.2,68.18,48.0,5.7,68.18,68.18,314.0
2026-06-13 17:53:25,68.2,68.18,48.0,8.7,68.18,68.18,192.0
2026-06-13 18:09:50,67.1,67.1,55.0,2.9,67.1,67.1,304.0
2026-06-13 18:10:59,67.1,67.1,55.0,8.5,67.1,67.1,243.0
2026-06-13 18:12:08,67.1,67.1,55.0,3.7,67.1,67.1,263.0
2026-06-13 18:28:48,65.1,65.12,64.0,6.9,65.12,65.12,282.0
2026-06-13 18:29:58,64.9,64.94,65.0,3.5,64.94,64.94,237.0
2026-06-13 18:48:00,63.3,63.32,70.0,7.1,63.32,63.32,67.0
2026-06-13 18:49:10,63.5,63.5,70.0,4.7,63.5,63.5,323.0
2026-06-13 18:50:21,63.5,63.5,71.0,3.7,63.5,63.5,307.0
2026-06-13 18:51:30,63.5,63.5,71.0,2.9,63.5,63.5,122.0
2026-06-13 18:57:14,62.6,62.6,72.0,6.9,62.6,62.6,238.0
2026-06-13 18:58:24,62.6,62.6,72.0,6.9,62.6,62.6,211.0
2026-06-13 18:59:33,62.6,62.6,72.0,4.3,62.6,62.6,322.0
2026-06-13 19:00:42,62.6,62.6,72.0,4.3,62.6,62.6,322.0
2026-06-13 19:01:51,62.6,62.6,73.0,6.9,62.6,62.6,92.0
2026-06-13 19:18:55,61.7,61.7,76.0,7.3,61.7,61.7,218.0
2026-06-13 19:20:04,61.7,61.7,77.0,7.9,61.7,61.7,26.0
2026-06-13 19:21:14,61.5,61.52,77.0,6.7,61.52,61.52,238.0
2026-06-13 19:30:21,61.3,61.34,78.0,5.3,61.34,61.34,258.0
2026-06-13 19:31:32,61.3,61.34,78.0,3.1,61.34,61.34,114.0
2026-06-13 19:32:41,61.3,61.34,78.0,1.9,61.34,61.34,76.0
2026-06-13 19:49:56,60.6,60.62,80.0,6.9,60.62,60.62,303.0
2026-06-13 19:51:06,60.4,60.44,80.0,4.7,60.44,60.44,79.0
2026-06-13 19:52:15,60.6,60.62,81.0,3.5,60.62,60.62,113.0
2026-06-13 20:09:04,60.1,60.08,83.0,1.1,60.08,60.08,103.0
2026-06-13 20:10:14,59.7,59.72,83.0,1.9,59.72,59.72,265.0
2026-06-13 20:11:24,59.7,59.72,83.0,1.9,59.72,59.72,265.0
2026-06-13 20:48:36,58.5,58.46,87.0,2.1,58.46,58.46,111.0
2026-06-13 20:49:46,58.5,58.46,87.0,1.1,58.46,58.46,297.0
2026-06-13 20:50:55,58.3,58.28,87.0,4.9,58.28,58.28,342.0
2026-06-13 20:52:05,58.3,58.28,87.0,2.9,58.28,58.28,126.0
2026-06-13 21:08:27,57.9,57.92,88.0,0.0,57.92,57.92,127.0
2026-06-13 21:26:16,57.4,57.38,89.0,1.9,57.38,57.38,197.0
2026-06-13 21:27:26,57.4,57.38,89.0,0.9,57.38,57.38,13.0
2026-06-13 21:28:35,57.6,57.56,89.0,3.5,57.56,57.56,119.0
2026-06-13 21:29:45,57.6,57.56,89.0,0.0,57.56,57.56,122.0
2026-06-13 21:30:54,57.6,57.56,89.0,0.0,57.56,57.56,122.0
2026-06-13 21:32:03,57.6,57.56,89.0,0.0,57.56,57.56,122.0
2026-06-13 21:33:12,57.4,57.38,89.0,3.9,57.38,57.38,286.0
2026-06-13 21:34:22,57.4,57.38,90.0,1.5,57.38,57.38,114.0
2026-06-13 21:35:31,57.2,57.2,90.0,0.0,57.2,57.2,28.0
2026-06-13 21:36:41,57.2,57.2,90.0,0.7,57.2,57.2,57.0
2026-06-13 21:37:49,57.4,57.38,90.0,1.3,57.38,57.38,180.0
2026-06-13 21:55:06,56.8,56.84,91.0,1.9,56.84,56.84,107.0
2026-06-13 21:56:15,56.8,56.84,91.0,0.0,56.84,56.84,124.0
2026-06-13 22:12:27,56.3,56.3,92.0,0.0,56.3,56.3,118.0
2026-06-13 22:29:13,56.3,56.3,92.0,0.0,56.3,56.3,259.0
2026-06-13 22:30:22,56.3,56.3,92.0,0.0,56.3,56.3,96.0
2026-06-13 22:31:31,56.1,56.12,92.0,1.9,56.12,56.12,123.0
2026-06-13 22:32:41,56.1,56.12,92.0,0.0,56.12,56.12,118.0
2026-06-13 22:33:51,56.1,56.12,92.0,0.0,56.12,56.12,121.0
2026-06-13 22:50:16,55.9,55.94,93.0,1.1,55.94,55.94,94.0
2026-06-13 22:51:25,55.9,55.94,93.0,0.0,55.94,55.94,114.0
2026-06-13 22:52:35,55.9,55.94,93.0,0.0,55.94,55.94,191.0
2026-06-13 22:57:39,55.9,55.94,94.0,0.9,55.94,55.94,104.0
2026-06-13 22:58:48,55.9,55.94,94.0,0.0,55.94,55.94,99.0
2026-06-13 22:59:57,55.9,55.94,94.0,0.0,55.94,55.94,99.0
2026-06-13 23:01:06,55.9,55.94,94.0,0.0,55.94,55.94,99.0
2026-06-13 23:02:16,55.8,55.76,94.0,0.0,55.76,55.76,101.0
2026-06-13 23:03:25,55.6,55.58,94.0,0.7,55.58,55.58,109.0
2026-06-13 23:04:34,55.6,55.58,94.0,0.7,55.58,55.58,109.0
2026-06-13 23:05:43,55.6,55.58,94.0,0.7,55.58,55.58,109.0
2026-06-13 23:06:52,55.6,55.58,94.0,0.7,55.58,55.58,109.0
2026-06-13 23:08:01,55.6,55.58,94.0,0.7,55.58,55.58,109.0
2026-06-13 23:09:11,55.6,55.58,94.0,1.5,55.58,55.58,120.0
2026-06-13 23:10:21,55.6,55.58,94.0,1.5,55.58,55.58,120.0
2026-06-13 23:11:30,55.6,55.58,94.0,1.5,55.58,55.58,120.0
2026-06-13 23:12:40,55.6,55.58,94.0,1.5,55.58,55.58,120.0
2026-06-13 23:13:49,55.4,55.4,94.0,0.0,55.4,55.4,109.0
2026-06-13 23:14:58,55.4,55.4,94.0,0.0,55.4,55.4,109.0
2026-06-13 23:31:07,55.2,55.22,95.0,0.9,55.22,55.22,100.0
2026-06-13 23:32:17,55.2,55.22,95.0,0.0,55.22,55.22,94.0
2026-06-13 23:33:26,55.2,55.22,95.0,0.9,55.22,55.22,10.0
2026-06-13 23:34:35,55.2,55.22,95.0,0.0,55.22,55.22,112.0
2026-06-13 23:35:45,55.2,55.22,95.0,0.0,55.22,55.22,112.0
2026-06-13 23:36:54,55.2,55.22,95.0,0.0,55.22,55.22,112.0
2026-06-13 23:38:03,55.2,55.22,95.0,0.0,55.22,55.22,109.0
2026-06-13 23:39:13,55.2,55.22,95.0,0.0,55.22,55.22,132.0
2026-06-13 23:40:22,55.4,55.4,94.0,1.3,55.4,55.4,171.0
2026-06-13 23:41:31,55.2,55.22,95.0,0.0,55.22,55.22,118.0
2026-06-13 23:42:40,55.4,55.4,94.0,0.0,55.4,55.4,219.0
2026-06-13 23:43:49,55.4,55.4,94.0,1.7,55.4,55.4,252.0
2026-06-13 23:44:58,55.4,55.4,95.0,1.7,55.4,55.4,143.0
2026-06-13 23:46:07,55.4,55.4,95.0,1.7,55.4,55.4,143.0
2026-06-13 23:47:16,55.2,55.22,95.0,1.9,55.22,55.22,126.0
2026-06-13 23:48:25,55.2,55.22,95.0,0.7,55.22,55.22,107.0
2026-06-13 23:49:35,55.2,55.22,95.0,0.7,55.22,55.22,107.0
2026-06-13 23:50:44,55.2,55.22,95.0,0.0,55.22,55.22,119.0
2026-06-13 23:51:54,55.2,55.22,95.0,0.0,55.22,55.22,119.0
2026-06-13 23:53:04,55.2,55.22,95.0,0.0,55.22,55.22,119.0
2026-06-13 23:54:13,55.2,55.22,95.0,0.0,55.22,55.22,113.0
2026-06-13 23:55:22,55.2,55.22,95.0,0.0,55.22,55.22,113.0
2026-06-13 23:56:31,55.2,55.22,95.0,0.0,55.22,55.22,113.0
2026-06-13 23:57:40,55.2,55.22,95.0,0.0,55.22,55.22,105.0
2026-06-13 23:58:50,55.2,55.22,95.0,0.0,55.22,55.22,105.0
2026-06-13 23:59:59,55.2,55.22,95.0,1.9,55.22,55.22,130.0
2026-06-14 00:01:09,55.2,55.22,95.0,3.1,55.22,55.22,82.0
2026-06-14 00:02:18,55.2,55.22,95.0,0.0,55.22,55.22,122.0
2026-06-14 00:03:28,55.2,55.22,95.0,0.0,55.22,55.22,122.0
2026-06-14 00:04:37,55.2,55.22,96.0,3.1,55.22,55.22,105.0
2026-06-14 00:05:46,55.2,55.22,96.0,3.1,55.22,55.22,105.0
2026-06-14 00:06:56,55.2,55.22,96.0,3.1,55.22,55.22,105.0
2026-06-14 00:08:05,55.2,55.22,96.0,0.0,55.22,55.22,124.0
2026-06-14 00:09:14,55.2,55.22,96.0,0.0,55.22,55.22,124.0
2026-06-14 00:10:24,55.2,55.22,96.0,0.0,55.22,55.22,124.0
2026-06-14 00:11:33,55.2,55.22,96.0,1.5,55.22,55.22,174.0
2026-06-14 00:12:43,55.2,55.22,96.0,0.0,55.22,55.22,200.0
2026-06-14 00:13:52,55.2,55.22,96.0,0.0,55.22,55.22,200.0
2026-06-14 00:15:01,55.2,55.22,96.0,1.3,55.22,55.22,104.0
2026-06-14 00:16:11,55.2,55.22,96.0,0.0,55.22,55.22,117.0
2026-06-14 00:17:20,55.0,55.04,96.0,0.0,55.04,55.04,107.0
2026-06-14 00:18:29,55.2,55.22,96.0,1.9,55.22,55.22,141.0
2026-06-14 00:19:38,55.2,55.22,96.0,4.7,55.22,55.22,225.0
2026-06-14 00:20:47,55.2,55.22,96.0,4.7,55.22,55.22,225.0
2026-06-14 00:21:57,55.4,55.4,96.0,3.1,55.4,55.4,289.0
2026-06-14 00:23:06,55.4,55.4,96.0,3.9,55.4,55.4,210.0
2026-06-14 00:24:15,55.4,55.4,96.0,3.1,55.4,55.4,313.0
2026-06-14 00:25:24,55.4,55.4,96.0,1.1,55.4,55.4,331.0
2026-06-14 00:26:33,55.6,55.58,96.0,0.9,55.58,55.58,100.0
2026-06-14 00:27:43,55.6,55.58,96.0,1.1,55.58,55.58,306.0
2026-06-14 00:28:52,55.6,55.58,96.0,1.1,55.58,55.58,317.0
2026-06-14 00:30:01,55.6,55.58,96.0,1.1,55.58,55.58,317.0
2026-06-14 00:31:10,55.6,55.58,96.0,1.5,55.58,55.58,92.0
2026-06-14 00:48:32,55.0,55.04,97.0,3.3,55.04,55.04,208.0
2026-06-14 00:49:42,55.0,55.04,97.0,0.0,55.04,55.04,136.0
2026-06-14 00:50:51,55.0,55.04,97.0,0.0,55.04,55.04,117.0
2026-06-14 00:52:00,55.2,55.22,97.0,2.9,55.22,55.22,116.0
2026-06-14 00:53:09,55.2,55.22,97.0,0.0,55.22,55.22,129.0
2026-06-14 00:54:19,55.0,55.04,97.0,0.0,55.04,55.04,104.0
2026-06-14 00:55:28,55.0,55.04,97.0,1.1,55.04,55.04,329.0
2026-06-14 00:56:37,55.0,55.04,97.0,0.0,55.04,55.04,107.0
2026-06-14 00:57:46,55.0,55.04,97.0,0.0,55.04,55.04,322.0
2026-06-14 00:58:55,55.4,55.4,96.0,1.7,55.4,55.4,251.0
2026-06-14 01:32:42,55.9,55.94,97.0,4.5,55.94,55.94,281.0
2026-06-14 01:33:52,55.9,55.94,97.0,4.9,55.94,55.94,86.0
2026-06-14 01:35:01,56.1,56.12,97.0,3.3,56.12,56.12,262.0
2026-06-14 01:36:12,56.1,56.12,97.0,3.9,56.12,56.12,93.0
2026-06-14 01:52:48,56.1,56.12,96.0,1.5,56.12,56.12,254.0
2026-06-14 01:53:58,56.1,56.12,96.0,1.5,56.12,56.12,254.0
2026-06-14 01:55:07,56.1,56.12,95.0,3.1,56.12,56.12,298.0
2026-06-14 01:56:17,56.1,56.12,95.0,1.5,56.12,56.12,260.0
2026-06-14 02:12:44,56.3,56.3,94.0,0.9,56.3,56.3,334.0
2026-06-14 02:13:53,56.3,56.3,94.0,0.9,56.3,56.3,334.0
2026-06-14 02:15:03,56.5,56.48,94.0,0.0,56.48,56.48,289.0
2026-06-14 02:16:13,56.5,56.48,94.0,0.0,56.48,56.48,289.0
2026-06-14 02:17:22,56.3,56.3,94.0,1.5,56.3,56.3,82.0
2026-06-14 02:18:32,56.3,56.3,94.0,2.3,56.3,56.3,252.0
2026-06-14 02:19:42,56.3,56.3,94.0,4.1,56.3,56.3,305.0
2026-06-14 02:20:51,56.3,56.3,94.0,3.1,56.3,56.3,263.0
2026-06-14 02:33:48,56.5,56.48,93.0,0.0,56.48,56.48,107.0
2026-06-14 02:34:59,56.5,56.48,93.0,0.0,56.48,56.48,107.0
2026-06-14 02:36:08,56.5,56.48,93.0,0.0,56.48,56.48,107.0
2026-06-14 02:37:18,56.5,56.48,93.0,0.0,56.48,56.48,107.0
2026-06-14 02:38:27,56.5,56.48,93.0,0.0,56.48,56.48,107.0
2026-06-14 02:39:36,56.3,56.3,93.0,0.0,56.3,56.3,221.0
2026-06-14 02:57:48,56.3,56.3,92.0,1.1,56.3,56.3,258.0
2026-06-14 02:58:58,56.3,56.3,92.0,1.1,56.3,56.3,107.0
2026-06-14 03:00:08,56.3,56.3,92.0,1.9,56.3,56.3,245.0
2026-06-14 03:01:17,56.3,56.3,92.0,0.0,56.3,56.3,90.0
2026-06-14 03:02:27,56.3,56.3,92.0,0.0,56.3,56.3,213.0
2026-06-14 03:03:36,56.3,56.3,92.0,0.0,56.3,56.3,213.0
2026-06-14 03:04:46,56.3,56.3,92.0,0.0,56.3,56.3,213.0
2026-06-14 03:22:21,56.5,56.48,92.0,1.9,56.48,56.48,104.0
2026-06-14 03:23:31,56.5,56.48,92.0,1.9,56.48,56.48,104.0
2026-06-14 03:24:39,56.5,56.48,92.0,1.1,56.48,56.48,213.0
2026-06-14 03:34:53,56.3,56.3,91.0,0.0,56.3,56.3,322.0
2026-06-14 03:36:02,56.3,56.3,91.0,0.0,56.3,56.3,322.0
2026-06-14 03:37:12,56.3,56.3,91.0,4.9,56.3,56.3,264.0
2026-06-14 03:38:21,56.1,56.12,91.0,4.9,56.12,56.12,94.0
2026-06-14 03:39:31,56.3,56.3,91.0,1.5,56.3,56.3,43.0
2026-06-14 03:40:40,56.3,56.3,91.0,1.5,56.3,56.3,43.0
2026-06-14 03:59:07,56.3,56.3,91.0,1.1,56.3,56.3,166.0
2026-06-14 04:15:46,56.1,56.12,91.0,1.3,56.12,56.12,12.0
2026-06-14 04:32:46,56.3,56.3,91.0,1.5,56.3,56.3,256.0
2026-06-14 04:33:56,56.3,56.3,91.0,1.5,56.3,56.3,256.0
2026-06-14 04:35:06,55.9,55.94,91.0,4.3,55.94,55.94,176.0
2026-06-14 04:36:15,55.9,55.94,91.0,0.0,55.94,55.94,97.0
2026-06-14 04:52:24,56.1,56.12,91.0,0.0,56.12,56.12,102.0
2026-06-14 04:53:34,56.1,56.12,91.0,0.0,56.12,56.12,102.0
2026-06-14 04:54:44,56.1,56.12,91.0,0.0,56.12,56.12,102.0
2026-06-14 04:55:53,56.3,56.3,91.0,0.0,56.3,56.3,108.0
2026-06-14 05:14:42,56.1,56.12,90.0,1.3,56.12,56.12,117.0
2026-06-14 05:15:52,56.1,56.12,90.0,1.3,56.12,56.12,117.0
2026-06-14 05:32:22,56.1,56.12,89.0,0.0,56.12,56.12,195.0
2026-06-14 05:33:32,55.9,55.94,90.0,3.1,55.94,55.94,91.0
2026-06-14 05:34:41,56.1,56.12,90.0,1.7,56.12,56.12,252.0
2026-06-15 10:41:16,71.6,71.6,49.0,1.9,71.6,71.6,294.0
2026-06-15 10:51:29,70.3,70.34,50.0,3.5,70.34,70.34,27.0
2026-06-15 10:55:54,70.9,70.88,50.0,2.9,70.88,70.88,87.0
2026-06-15 17:55:44,66.2,66.2,49.0,7.7,66.2,66.2,97.0
2026-06-15 18:10:52,64.2,64.22,59.0,5.1,64.22,64.22,293.0
2026-06-15 18:26:01,61.9,61.88,69.0,6.4,61.88,61.88,177.0
2026-06-15 18:41:10,61.2,61.16,73.0,5.7,61.16,61.16,38.0
2026-06-15 20:08:14,58.6,58.64,84.0,2.1,58.64,58.64,236.0
2026-06-15 20:23:29,58.5,58.46,84.0,4.3,58.46,58.46,286.0
2026-06-15 20:38:49,57.2,57.2,85.0,4.3,57.2,57.2,284.0
2026-06-15 20:54:10,56.5,56.48,88.0,0.0,56.48,56.48,267.0
2026-06-15 21:09:19,56.3,56.3,89.0,3.1,56.3,56.3,119.0
2026-06-15 21:24:27,56.1,56.12,89.0,1.3,56.12,56.12,87.0
2026-06-15 21:39:35,55.9,55.94,89.0,0.0,55.94,55.94,216.0
2026-06-15 21:54:43,55.9,55.94,90.0,2.9,55.94,55.94,354.0
2026-06-15 22:09:51,55.6,55.58,91.0,2.5,55.58,55.58,141.0
2026-06-15 22:24:59,55.2,55.22,92.0,0.0,55.22,55.22,107.0
2026-06-15 22:40:07,55.2,55.22,93.0,0.0,55.22,55.22,213.0
2026-06-15 22:55:16,55.0,55.04,93.0,1.7,55.04,55.04,146.0
2026-06-15 23:10:24,54.9,54.86,93.0,1.5,54.86,54.86,243.0
2026-06-15 23:25:32,54.9,54.86,94.0,2.7,54.86,54.86,230.0
2026-06-15 23:40:40,55.0,55.04,94.0,1.5,55.04,55.04,196.0
2026-06-15 23:55:47,54.9,54.86,95.0,3.3,54.86,54.86,96.0
2026-06-16 00:10:57,55.2,55.22,95.0,5.1,55.22,55.22,266.0
2026-06-16 00:26:04,55.2,55.22,95.0,2.3,55.22,55.22,73.0
2026-06-16 00:41:12,55.2,55.22,94.0,0.9,55.22,55.22,124.0
2026-06-16 00:56:20,55.0,55.04,94.0,0.0,55.04,55.04,10.0
2026-06-16 01:11:29,54.7,54.68,94.0,0.0,54.68,54.68,250.0
2026-06-16 01:26:38,54.7,54.68,94.0,3.3,54.68,54.68,311.0
2026-06-16 01:41:46,54.7,54.68,94.0,0.0,54.68,54.68,111.0
2026-06-16 01:56:54,54.7,54.68,95.0,0.0,54.68,54.68,121.0
2026-06-16 02:12:04,54.7,54.68,95.0,2.3,54.68,54.68,140.0
2026-06-16 02:27:12,55.0,55.04,95.0,0.0,55.04,55.04,106.0
2026-06-16 02:42:21,54.9,54.86,94.0,0.9,54.86,54.86,106.0
2026-06-16 02:57:30,54.9,54.86,94.0,1.5,54.86,54.86,309.0
2026-06-16 03:12:38,55.0,55.04,94.0,2.5,55.04,55.04,314.0
2026-06-16 03:27:47,55.0,55.04,94.0,0.0,55.04,55.04,94.0
2026-06-16 03:42:55,54.9,54.86,94.0,0.0,54.86,54.86,119.0
2026-06-16 03:58:04,54.9,54.86,94.0,3.7,54.86,54.86,262.0
2026-06-16 04:13:13,55.0,55.04,94.0,2.1,55.04,55.04,249.0
2026-06-16 04:28:21,55.0,55.04,93.0,0.0,55.04,55.04,104.0
2026-06-16 04:43:28,54.9,54.86,93.0,4.7,54.86,54.86,262.0
2026-06-16 04:58:38,54.9,54.86,93.0,0.0,54.86,54.86,200.0
2026-06-16 05:13:46,54.9,54.86,93.0,0.0,54.86,54.86,280.0
2026-06-16 05:28:55,55.0,55.04,93.0,0.9,55.04,55.04,298.0
2026-06-16 05:44:03,54.7,54.68,93.0,0.0,54.68,54.68,52.0
2026-06-16 05:59:11,54.9,54.86,93.0,0.0,54.86,54.86,94.0
2026-06-16 06:14:20,55.2,55.22,92.0,4.1,55.22,55.22,231.0
2026-06-16 06:29:30,55.2,55.22,92.0,0.0,55.22,55.22,287.0
2026-06-16 06:44:41,55.4,55.4,91.0,0.0,55.4,55.4,264.0
2026-06-16 06:59:49,56.3,56.3,90.0,3.7,56.3,56.3,263.0
2026-06-16 07:14:57,56.7,56.66,89.0,0.0,56.66,56.66,103.0
2026-06-16 07:30:05,57.0,57.02,87.0,1.3,57.02,57.02,92.0
2026-06-16 07:45:14,58.1,58.1,84.0,3.7,58.1,58.1,322.0
2026-06-16 08:00:24,59.5,59.54,80.0,1.7,59.54,59.54,152.0
2026-06-16 08:15:32,60.4,60.44,78.0,0.0,60.44,60.44,82.0
2026-06-16 08:30:41,60.3,60.26,75.0,1.3,60.26,60.26,286.0
2026-06-16 08:45:50,60.4,60.44,74.0,4.1,60.44,60.44,102.0
2026-06-16 09:01:06,63.0,62.96,73.0,0.0,62.96,62.96,112.0
2026-06-16 09:16:26,67.1,67.1,62.0,2.9,67.1,67.1,75.0
2026-06-16 09:31:48,68.0,68.0,57.0,3.3,68.0,68.0,111.0
2026-06-16 09:47:04,66.9,66.92,56.0,6.6,66.92,66.92,103.0
2026-06-16 10:02:15,68.7,68.72,54.0,5.9,68.72,68.72,250.0
2026-06-16 10:17:24,68.9,68.9,52.0,1.9,68.9,68.9,279.0
2026-06-16 10:32:33,68.9,68.9,52.0,1.7,68.9,68.9,139.0
2026-06-16 10:47:45,70.7,70.7,50.0,1.3,70.7,70.7,129.0
2026-06-16 11:02:55,70.7,70.7,49.0,1.9,70.7,70.7,325.0
2026-06-16 11:18:04,72.1,72.14,48.0,3.1,72.14,72.14,239.0
2026-06-16 11:33:12,71.6,71.6,47.0,2.3,71.6,71.6,105.0
2026-06-16 11:48:22,71.6,71.6,47.0,6.1,71.6,71.6,112.0
2026-06-16 12:03:30,69.4,69.44,49.0,3.1,69.44,69.44,176.0
2026-06-16 12:18:39,68.9,68.9,50.0,4.5,68.9,68.9,276.0
2026-06-16 12:33:47,68.5,68.54,51.0,3.1,68.54,68.54,263.0
2026-06-16 12:48:56,69.1,69.08,52.0,4.1,69.08,69.08,347.0
2026-06-16 13:04:04,68.7,68.72,51.0,5.5,68.72,68.72,352.0
2026-06-16 13:19:13,70.7,70.7,49.0,4.3,70.7,70.7,6.0
2026-06-16 13:34:22,70.3,70.34,49.0,2.9,70.34,70.34,157.0
2026-06-16 13:49:31,71.6,71.6,49.0,2.1,71.6,71.6,312.0
2026-06-16 14:04:40,71.6,71.6,49.0,7.5,71.6,71.6,294.0
2026-06-16 14:19:49,70.7,70.7,48.0,5.7,70.7,70.7,245.0
2026-06-16 14:34:58,69.4,69.44,49.0,5.9,69.44,69.44,261.0
2026-06-16 14:50:06,68.2,68.18,50.0,4.9,68.18,68.18,340.0
2026-06-16 15:05:16,68.9,68.9,51.0,4.7,68.9,68.9,310.0
2026-06-16 15:20:24,68.2,68.18,50.0,9.1,68.18,68.18,66.0
2026-06-16 15:35:42,70.0,69.98,48.0,6.9,69.98,69.98,316.0
2026-06-16 15:51:01,70.3,70.34,48.0,5.7,70.34,70.34,264.0
2026-06-16 16:06:14,70.5,70.52,47.0,4.3,70.52,70.52,161.0
2026-06-16 16:21:32,71.4,71.42,46.0,4.1,71.42,71.42,109.0
2026-06-16 16:36:54,70.5,70.52,45.0,5.7,70.52,70.52,234.0
2026-06-16 16:52:11,68.9,68.9,45.0,3.7,68.9,68.9,323.0
2026-06-16 17:07:31,68.7,68.72,47.0,6.7,68.72,68.72,3.0
2026-06-16 17:22:42,67.8,67.82,49.0,4.5,67.82,67.82,334.0
2026-06-16 17:37:50,66.9,66.92,50.0,7.9,66.92,66.92,126.0
2026-06-16 17:53:00,65.8,65.84,52.0,7.7,65.84,65.84,292.0
2026-06-16 18:08:09,63.7,63.68,60.0,8.3,63.68,63.68,103.0
2026-06-16 18:23:17,62.6,62.6,67.0,7.7,62.6,62.6,69.0
2026-06-16 18:38:25,61.5,61.52,73.0,4.7,61.52,61.52,214.0
2026-06-16 18:53:34,60.3,60.26,77.0,7.1,60.26,60.26,244.0
2026-06-16 19:08:43,59.0,59.0,80.0,4.7,59.0,59.0,55.0
2026-06-16 19:23:51,58.6,58.64,82.0,6.2,58.64,58.64,31.0
2026-06-16 19:39:00,58.1,58.1,84.0,3.1,58.1,58.1,149.0
2026-06-16 19:54:08,57.7,57.74,85.0,6.9,57.74,57.74,296.0
2026-06-16 20:09:28,57.4,57.38,87.0,1.9,57.38,57.38,267.0
2026-06-16 20:24:47,57.2,57.2,88.0,1.3,57.2,57.2,128.0
2026-06-16 20:40:05,56.8,56.84,89.0,8.5,56.84,56.84,71.0
2026-06-16 20:55:25,56.5,56.48,90.0,6.1,56.48,56.48,143.0
2026-06-16 21:10:47,56.5,56.48,92.0,3.5,56.48,56.48,270.0
2026-06-16 21:26:06,56.3,56.3,92.0,2.7,56.3,56.3,91.0
2026-06-16 21:41:18,56.3,56.3,92.0,0.9,56.3,56.3,16.0
2026-06-16 21:56:30,56.1,56.12,93.0,0.0,56.12,56.12,112.0
2026-06-16 22:11:39,56.1,56.12,93.0,6.2,56.12,56.12,268.0
2026-06-16 22:26:48,55.9,55.94,94.0,8.3,55.94,55.94,275.0
2026-06-16 22:41:57,55.9,55.94,94.0,1.3,55.94,55.94,50.0
2026-06-16 22:57:06,56.1,56.12,94.0,2.5,56.12,56.12,264.0
2026-06-16 23:12:14,56.1,56.12,94.0,2.5,56.12,56.12,255.0
2026-06-16 23:27:22,55.9,55.94,94.0,2.7,55.94,55.94,260.0
2026-06-16 23:42:30,56.3,56.3,94.0,0.0,56.3,56.3,95.0
2026-06-16 23:57:38,56.1,56.12,94.0,1.1,56.12,56.12,94.0
2026-06-17 00:12:46,56.1,56.12,94.0,1.5,56.12,56.12,120.0
2026-06-17 00:27:55,55.8,55.76,94.0,3.5,55.76,55.76,316.0
2026-06-17 00:43:03,55.8,55.76,94.0,0.0,55.76,55.76,268.0
2026-06-17 00:58:12,55.6,55.58,95.0,0.0,55.58,55.58,104.0
2026-06-17 01:13:21,55.6,55.58,95.0,2.7,55.58,55.58,267.0
2026-06-17 01:28:29,55.4,55.4,95.0,1.3,55.4,55.4,272.0
2026-06-17 01:43:37,55.4,55.4,95.0,0.0,55.4,55.4,102.0
2026-06-17 01:58:45,55.6,55.58,96.0,2.9,55.58,55.58,262.0
2026-06-17 02:13:52,55.4,55.4,96.0,3.9,55.4,55.4,232.0
2026-06-17 02:29:00,55.4,55.4,96.0,1.3,55.4,55.4,252.0
2026-06-17 02:44:10,55.6,55.58,96.0,1.1,55.58,55.58,284.0
2026-06-17 02:59:18,55.9,55.94,96.0,0.0,55.94,55.94,311.0
2026-06-17 03:14:28,56.1,56.12,96.0,3.9,56.12,56.12,307.0
2026-06-17 03:29:36,56.1,56.12,95.0,3.9,56.12,56.12,81.0
2026-06-17 03:44:47,56.3,56.3,94.0,1.7,56.3,56.3,76.0
2026-06-17 03:59:55,56.1,56.12,93.0,1.7,56.12,56.12,65.0
2026-06-17 04:15:04,56.3,56.3,93.0,0.9,56.3,56.3,229.0
2026-06-17 04:30:13,56.3,56.3,92.0,0.9,56.3,56.3,160.0
2026-06-17 04:45:21,56.1,56.12,92.0,1.3,56.12,56.12,106.0
2026-06-17 05:00:29,56.3,56.3,92.0,1.5,56.3,56.3,101.0
2026-06-17 05:15:38,56.5,56.48,91.0,1.7,56.48,56.48,256.0
2026-06-17 05:30:46,56.7,56.66,91.0,2.9,56.66,56.66,103.0
2026-06-17 05:45:55,56.7,56.66,90.0,0.0,56.66,56.66,258.0
2026-06-17 06:01:03,56.8,56.84,89.0,0.0,56.84,56.84,128.0
2026-06-17 06:16:13,56.8,56.84,89.0,1.5,56.84,56.84,114.0
2026-06-17 06:31:21,57.2,57.2,88.0,0.7,57.2,57.2,260.0
2026-06-17 06:46:31,57.4,57.38,87.0,0.0,57.38,57.38,254.0
2026-06-17 07:01:40,57.7,57.74,87.0,1.5,57.74,57.74,136.0
2026-06-17 07:16:48,57.9,57.92,86.0,0.0,57.92,57.92,307.0
2026-06-17 07:31:57,58.1,58.1,84.0,0.0,58.1,58.1,286.0
2026-06-17 07:47:06,58.6,58.64,83.0,2.7,58.64,58.64,145.0
2026-06-17 08:02:17,59.9,59.9,81.0,1.1,59.9,59.9,340.0
2026-06-17 08:17:26,61.7,61.7,77.0,0.0,61.7,61.7,354.0
2026-06-17 08:32:46,62.8,62.78,68.0,3.1,62.78,62.78,123.0
2026-06-17 08:48:07,63.9,63.86,67.0,2.5,63.86,63.86,34.0
2026-06-17 09:03:29,64.8,64.76,64.0,2.5,64.76,64.76,104.0
2026-06-17 09:18:42,65.1,65.12,63.0,6.2,65.12,65.12,308.0
2026-06-17 09:34:06,68.4,68.36,58.0,3.3,68.36,68.36,43.0
2026-06-17 09:49:21,69.3,69.26,54.0,6.4,69.26,69.26,325.0
2026-06-17 10:04:32,70.9,70.88,53.0,2.7,70.88,70.88,64.0
2026-06-17 10:19:40,70.9,70.88,50.0,6.2,70.88,70.88,97.0
2026-06-17 10:34:49,71.6,71.6,49.0,2.9,71.6,71.6,120.0
2026-06-17 10:49:58,70.5,70.52,48.0,2.5,70.52,70.52,120.0
2026-06-17 11:05:08,70.0,69.98,49.0,4.1,69.98,69.98,53.0
2026-06-17 11:20:18,71.2,71.24,49.0,4.5,71.24,71.24,49.0
2026-06-17 11:35:28,70.3,70.34,50.0,4.1,70.34,70.34,341.0
2026-06-17 11:50:47,72.0,71.96,50.0,8.5,71.96,71.96,267.0
2026-06-17 12:06:09,71.6,71.6,49.0,4.5,71.6,71.6,290.0
2026-06-17 12:21:23,71.8,71.78,48.0,4.7,71.78,71.78,155.0
2026-06-17 12:36:49,72.0,71.96,47.0,6.1,71.96,71.96,278.0
2026-06-17 12:52:10,73.4,73.4,47.0,3.3,73.4,73.4,131.0
2026-06-17 13:07:21,73.6,73.58,47.0,2.7,73.58,73.58,77.0
2026-06-17 13:22:30,73.9,73.94,47.0,2.3,73.94,73.94,120.0
2026-06-17 13:37:40,72.5,72.5,47.0,4.3,72.5,72.5,86.0
2026-06-17 13:52:49,72.5,72.5,47.0,6.2,72.5,72.5,140.0
2026-06-17 14:07:59,73.6,73.58,46.0,4.1,73.58,73.58,206.0
2026-06-17 14:23:08,73.0,73.04,46.0,10.6,73.04,73.04,320.0
2026-06-17 14:38:16,73.4,73.4,46.0,13.8,73.4,73.4,152.0
2026-06-17 14:53:26,73.0,73.04,47.0,2.9,73.04,73.04,149.0
2026-06-17 15:08:35,72.3,72.32,46.0,6.1,72.32,72.32,254.0
2026-06-17 15:23:44,72.0,71.96,47.0,3.3,71.96,71.96,136.0
2026-06-17 15:38:53,71.6,71.6,46.0,5.3,71.6,71.6,349.0
2026-06-17 15:54:03,71.6,71.6,47.0,7.7,71.6,71.6,93.0
2026-06-17 16:09:11,69.3,69.26,48.0,7.5,69.26,69.26,1.0
2026-06-17 16:24:20,69.3,69.26,47.0,9.5,69.26,69.26,248.0
2026-06-17 16:39:28,69.6,69.62,49.0,3.5,69.62,69.62,90.0
2026-06-17 16:54:36,68.9,68.9,48.0,4.9,68.9,68.9,153.0
2026-06-17 17:09:46,69.1,69.08,48.0,6.9,69.08,69.08,334.0
2026-06-17 17:25:01,67.8,67.82,49.0,8.1,67.82,67.82,89.0
2026-06-17 17:40:23,66.7,66.74,51.0,10.4,66.74,66.74,270.0
2026-06-17 18:11:16,65.1,65.12,60.0,6.9,65.12,65.12,162.0
2026-06-17 18:57:50,61.7,61.7,77.0,3.3,61.7,61.7,286.0
2026-06-17 19:12:59,61.3,61.34,78.0,4.5,61.34,61.34,232.0
2026-06-17 19:28:27,60.8,60.8,80.0,6.6,60.8,60.8,260.0
2026-06-17 19:59:18,60.1,60.08,83.0,4.7,60.08,60.08,154.0
2026-06-17 20:14:27,59.5,59.54,85.0,2.5,59.54,59.54,320.0
2026-06-17 20:29:36,59.0,59.0,86.0,1.7,59.0,59.0,143.0
2026-06-17 20:44:44,58.3,58.28,88.0,2.9,58.28,58.28,84.0
2026-06-17 20:59:53,58.1,58.1,89.0,4.5,58.1,58.1,216.0
2026-06-17 21:15:01,57.7,57.74,90.0,1.9,57.74,57.74,88.0
2026-06-17 21:30:26,57.6,57.56,91.0,1.3,57.56,57.56,73.0
2026-06-17 21:45:43,57.7,57.74,91.0,0.0,57.74,57.74,211.0
2026-06-17 22:01:05,57.4,57.38,92.0,2.5,57.38,57.38,64.0
2026-06-17 22:16:29,57.4,57.38,92.0,0.0,57.38,57.38,119.0
2026-06-17 22:31:52,57.4,57.38,93.0,1.1,57.38,57.38,93.0
2026-06-17 22:47:03,57.2,57.2,93.0,1.1,57.2,57.2,259.0
2026-06-17 23:02:12,57.4,57.38,93.0,1.1,57.38,57.38,132.0
2026-06-17 23:17:22,57.2,57.2,93.0,2.1,57.2,57.2,164.0
2026-06-17 23:32:31,57.0,57.02,94.0,0.0,57.02,57.02,113.0
2026-06-17 23:47:40,57.0,57.02,94.0,1.1,57.02,57.02,330.0
2026-06-18 00:02:49,57.0,57.02,94.0,2.1,57.02,57.02,264.0
2026-06-18 00:17:58,57.0,57.02,93.0,1.1,57.02,57.02,250.0
2026-06-18 00:33:08,56.8,56.84,93.0,0.0,56.84,56.84,115.0
2026-06-18 00:48:18,56.8,56.84,93.0,1.9,56.84,56.84,254.0
2026-06-18 01:03:27,56.7,56.66,93.0,1.3,56.66,56.66,142.0
2026-06-18 01:18:40,56.5,56.48,93.0,0.0,56.48,56.48,284.0
2026-06-18 01:33:48,56.3,56.3,93.0,2.9,56.3,56.3,110.0
2026-06-18 01:48:57,56.3,56.3,94.0,0.0,56.3,56.3,92.0
2026-06-18 02:04:07,56.3,56.3,94.0,1.5,56.3,56.3,221.0
2026-06-18 02:19:17,56.3,56.3,94.0,1.1,56.3,56.3,217.0
2026-06-18 02:34:25,56.1,56.12,94.0,3.9,56.12,56.12,256.0
2026-06-18 02:49:34,56.1,56.12,94.0,2.5,56.12,56.12,108.0
2026-06-18 03:04:43,55.9,55.94,94.0,1.5,55.94,55.94,201.0
2026-06-18 03:19:52,55.6,55.58,94.0,0.0,55.58,55.58,108.0
2026-06-18 03:35:00,55.6,55.58,94.0,1.7,55.58,55.58,124.0
2026-06-18 03:50:09,55.6,55.58,95.0,1.9,55.58,55.58,220.0
2026-06-18 04:05:18,55.6,55.58,95.0,2.5,55.58,55.58,147.0
2026-06-18 04:20:28,55.6,55.58,96.0,3.5,55.58,55.58,206.0
2026-06-18 04:35:36,55.8,55.76,95.0,2.5,55.76,55.76,248.0
2026-06-18 04:50:46,55.8,55.76,95.0,1.1,55.76,55.76,97.0
2026-06-18 05:05:54,55.4,55.4,95.0,2.3,55.4,55.4,276.0
2026-06-18 05:21:04,55.0,55.04,95.0,0.0,55.04,55.04,109.0
2026-06-18 05:36:13,54.7,54.68,96.0,0.0,54.68,54.68,109.0
2026-06-18 05:51:23,54.7,54.68,96.0,1.7,54.68,54.68,308.0
2026-06-18 06:06:33,54.7,54.68,97.0,0.0,54.68,54.68,142.0
2026-06-18 06:21:42,55.2,55.22,97.0,0.9,55.22,55.22,115.0
2026-06-18 06:36:53,55.8,55.76,96.0,1.1,55.76,55.76,103.0
2026-06-18 06:52:02,56.3,56.3,96.0,2.1,56.3,56.3,252.0
2026-06-18 07:07:11,57.2,57.2,94.0,1.9,57.2,57.2,99.0
2026-06-18 07:22:22,60.8,60.8,90.0,1.5,60.8,60.8,340.0
2026-06-18 07:37:32,62.2,62.24,79.0,0.0,62.24,62.24,113.0
2026-06-18 07:52:42,64.8,64.76,71.0,2.7,64.76,64.76,1.0
2026-06-18 08:07:51,65.7,65.66,64.0,2.5,65.66,65.66,242.0
2026-06-18 08:23:02,67.1,67.1,60.0,2.5,67.1,67.1,314.0
2026-06-18 08:38:11,68.5,68.54,57.0,1.3,68.54,68.54,65.0
2026-06-18 08:53:20,69.4,69.44,55.0,2.7,69.44,69.44,353.0
2026-06-18 09:08:38,70.0,69.98,54.0,0.7,69.98,69.98,17.0
2026-06-18 09:23:49,67.8,67.82,53.0,1.9,67.82,67.82,102.0
2026-06-18 09:39:11,71.2,71.24,53.0,2.7,71.24,71.24,91.0
2026-06-18 09:54:24,71.2,71.24,51.0,1.3,71.24,71.24,10.0
2026-06-18 10:09:43,72.3,72.32,48.0,1.7,72.32,72.32,149.0
2026-06-18 10:24:54,71.4,71.42,47.0,5.3,71.42,71.42,269.0
2026-06-18 10:40:04,72.9,72.86,48.0,4.3,72.86,72.86,67.0
2026-06-18 10:55:28,72.5,72.5,47.0,3.5,72.5,72.5,15.0
2026-06-18 11:10:48,73.4,73.4,46.0,4.7,73.4,73.4,86.0
2026-06-18 11:26:19,74.1,74.12,46.0,1.5,74.12,74.12,117.0
2026-06-18 11:41:39,71.8,71.78,46.0,6.7,71.78,71.78,232.0
2026-06-18 11:56:50,72.7,72.68,47.0,2.3,72.68,72.68,276.0
2026-06-18 12:12:09,73.4,73.4,46.0,2.7,73.4,73.4,326.0
2026-06-18 12:27:20,72.7,72.68,46.0,5.5,72.68,72.68,220.0
2026-06-18 12:42:29,72.9,72.86,46.0,4.3,72.86,72.86,108.0
2026-06-18 12:57:40,73.0,73.04,46.0,8.3,73.04,73.04,300.0
2026-06-18 13:12:51,72.1,72.14,47.0,3.7,72.14,72.14,149.0
2026-06-18 13:28:01,72.1,72.14,48.0,4.5,72.14,72.14,95.0
2026-06-18 13:43:10,71.6,71.6,50.0,5.3,71.6,71.6,331.0
2026-06-18 13:58:20,71.8,71.78,48.0,6.4,71.78,71.78,28.0
2026-06-18 14:13:29,71.4,71.42,47.0,7.7,71.42,71.42,324.0
2026-06-18 14:28:39,72.7,72.68,46.0,9.1,72.68,72.68,248.0
2026-06-18 14:43:48,72.7,72.68,45.0,6.9,72.68,72.68,27.0
2026-06-18 14:58:57,72.7,72.68,45.0,5.5,72.68,72.68,266.0
2026-06-18 15:14:07,71.8,71.78,44.0,5.1,71.78,71.78,73.0
2026-06-18 15:29:17,72.1,72.14,45.0,7.3,72.14,72.14,48.0
2026-06-18 15:44:27,71.2,71.24,46.0,5.1,71.24,71.24,133.0
2026-06-18 15:59:38,71.8,71.78,45.0,7.7,71.78,71.78,61.0
2026-06-18 16:14:49,72.5,72.5,45.0,6.2,72.5,72.5,232.0
2026-06-18 16:29:58,71.1,71.06,45.0,8.3,71.06,71.06,162.0
2026-06-18 16:45:08,71.6,71.6,44.0,4.5,71.6,71.6,286.0
2026-06-18 17:00:17,70.3,70.34,44.0,4.3,70.34,70.34,28.0
2026-06-18 17:15:27,70.3,70.34,45.0,3.1,70.34,70.34,98.0
2026-06-18 17:30:37,68.5,68.54,48.0,2.9,68.54,68.54,353.0
2026-06-18 17:45:45,69.3,69.26,48.0,8.1,69.26,69.26,103.0
2026-06-18 18:00:54,67.8,67.82,49.0,8.3,67.82,67.82,132.0
2026-06-18 18:16:04,66.9,66.92,54.0,2.1,66.92,66.92,328.0
2026-06-18 18:31:17,64.8,64.76,64.0,3.3,64.76,64.76,202.0
2026-06-18 18:46:25,64.0,64.04,70.0,3.5,64.04,64.04,292.0
2026-06-18 19:01:34,62.4,62.42,74.0,8.9,62.42,62.42,77.0
2026-06-18 19:16:43,61.9,61.88,76.0,4.9,61.88,61.88,157.0
2026-06-18 19:31:52,61.3,61.34,76.0,2.7,61.34,61.34,197.0
2026-06-18 19:47:02,61.0,60.98,77.0,2.3,60.98,60.98,174.0
2026-06-18 20:02:11,60.6,60.62,79.0,2.7,60.62,60.62,206.0
2026-06-18 20:17:20,59.9,59.9,80.0,2.7,59.9,59.9,119.0
2026-06-18 20:32:29,59.7,59.72,80.0,4.1,59.72,59.72,310.0
2026-06-18 20:47:38,59.2,59.18,83.0,5.7,59.18,59.18,130.0
2026-06-18 21:02:47,58.8,58.82,85.0,2.5,58.82,58.82,28.0
2026-06-18 21:17:56,58.8,58.82,84.0,0.0,58.82,58.82,183.0
2026-06-18 21:33:05,58.8,58.82,85.0,1.7,58.82,58.82,348.0
2026-06-18 21:48:16,58.3,58.28,87.0,2.1,58.28,58.28,5.0
2026-06-18 22:03:25,58.3,58.28,87.0,2.9,58.28,58.28,4.0
2026-06-18 22:18:33,58.5,58.46,86.0,6.1,58.46,58.46,167.0
2026-06-18 22:33:42,58.1,58.1,87.0,3.5,58.1,58.1,311.0
2026-06-18 22:48:51,57.7,57.74,87.0,1.5,57.74,57.74,106.0
2026-06-18 23:04:00,57.7,57.74,87.0,1.3,57.74,57.74,127.0
2026-06-18 23:19:08,57.6,57.56,88.0,2.1,57.56,57.56,83.0
2026-06-18 23:34:17,57.2,57.2,88.0,1.5,57.2,57.2,121.0
2026-06-18 23:49:26,57.0,57.02,88.0,0.9,57.02,57.02,129.0
2026-06-19 00:04:36,57.0,57.02,88.0,1.9,57.02,57.02,103.0
2026-06-19 00:19:44,57.2,57.2,89.0,0.0,57.2,57.2,133.0
2026-06-19 00:34:53,58.1,58.1,87.0,0.0,58.1,58.1,80.0
2026-06-19 00:50:02,58.3,58.28,86.0,0.0,58.28,58.28,259.0
2026-06-19 01:05:11,58.5,58.46,84.0,0.9,58.46,58.46,300.0
2026-06-19 01:20:21,58.5,58.46,83.0,1.3,58.46,58.46,127.0
2026-06-19 01:35:30,58.5,58.46,82.0,0.0,58.46,58.46,264.0
2026-06-19 01:50:38,58.6,58.64,82.0,0.0,58.64,58.64,257.0
2026-06-19 02:05:48,58.8,58.82,82.0,0.0,58.82,58.82,290.0
2026-06-19 02:20:57,58.8,58.82,81.0,0.0,58.82,58.82,101.0
2026-06-19 02:36:06,58.8,58.82,80.0,0.0,58.82,58.82,260.0
2026-06-19 02:51:15,58.6,58.64,81.0,0.0,58.64,58.64,98.0
2026-06-19 03:06:25,58.6,58.64,80.0,0.0,58.64,58.64,105.0
2026-06-19 03:21:34,58.3,58.28,80.0,0.0,58.28,58.28,261.0
2026-06-19 03:36:44,58.5,58.46,80.0,0.9,58.46,58.46,359.0
2026-06-19 03:51:53,58.5,58.46,80.0,2.3,58.46,58.46,88.0
2026-06-19 04:07:01,58.3,58.28,79.0,0.0,58.28,58.28,276.0
2026-06-19 04:22:10,58.3,58.28,80.0,0.0,58.28,58.28,273.0
2026-06-19 04:37:20,58.3,58.28,80.0,1.9,58.28,58.28,267.0
2026-06-19 04:52:30,58.1,58.1,80.0,0.0,58.1,58.1,275.0
2026-06-19 05:07:40,58.3,58.28,80.0,0.0,58.28,58.28,85.0
2026-06-19 05:22:50,58.3,58.28,79.0,0.0,58.28,58.28,88.0
2026-06-19 05:37:59,58.3,58.28,79.0,0.0,58.28,58.28,261.0
2026-06-19 05:53:09,58.3,58.28,79.0,0.0,58.28,58.28,257.0
2026-06-19 06:08:20,58.3,58.28,79.0,0.9,58.28,58.28,84.0
2026-06-19 06:23:29,58.5,58.46,78.0,0.0,58.46,58.46,97.0
2026-06-19 06:38:39,59.0,59.0,77.0,0.0,59.0,59.0,99.0
2026-06-19 06:53:49,59.2,59.18,76.0,1.1,59.18,59.18,279.0
2026-06-19 07:08:58,59.7,59.72,75.0,2.9,59.72,59.72,302.0
2026-06-19 07:24:09,59.7,59.72,74.0,0.0,59.72,59.72,299.0
2026-06-19 07:39:20,59.9,59.9,74.0,2.9,59.9,59.9,76.0
2026-06-19 07:54:30,60.1,60.08,73.0,0.0,60.08,60.08,97.0
